cache_hit,crossline_intersection,crossline_pixel_iou,crossline_union,gt_corner_angle_deg,gt_corner_kind,gt_geometry_ms,gt_inferred,gt_lane_width_m,gt_lanes,gt_pivot_candidate,gt_pivot_reason,gt_reason,gt_target_available,gt_unexpected_error,gt_x_m,gt_y_m,height,image,inference_ms,input_error,label_errors,lane_intersection,lane_pixel_iou,lane_union,overlay,pred_corner_angle_deg,pred_corner_kind,pred_geometry_ms,pred_inferred,pred_lane_width_m,pred_lanes,pred_pivot_candidate,pred_pivot_reason,pred_reason,pred_target_available,pred_unexpected_error,pred_x_m,pred_y_m,split,width
True,0,,0,31.808970694104698,NORMAL,59.28672500158427,False,0.22319801636602452,2,False,,target_available,True,False,0.24635430908606276,-0.009734060507298595,480,train/images/rec_20260912_165456_000000_jpg.rf.0b68796718000e788757e46a64cec109.jpg,23.215354995045345,,,15584,0.7409309180811107,21033,images/d04ec72c33d42b66.jpg,2.6637145457256954e-14,NORMAL,73.9698329998646,False,0.22182056828471736,2,False,,target_available,True,False,0.2503833128580234,-0.012155973689488217,train,640
True,0,,0,38.86156719485305,NORMAL,56.837194999388885,False,0.21340434888316331,2,False,,target_available,True,False,0.2527178862136721,-0.017891324400783767,480,train/images/rec_20260912_165456_000144_jpg.rf.6e674d4fca453d7b8ec037acda00b379.jpg,19.030485003895592,,,15873,0.7515980870306359,21119,images/5ad9aa3a91ee2593.jpg,52.63422733902161,CORNER,71.5310870000394,False,0.22071279867671031,2,False,,target_available,True,False,0.25553040204388566,-0.0153069464684977,train,640
True,0,,0,,NO_OBSERVATION,60.344155004713684,,,2,False,,"no common observed lane interval: normal_pairs=0, minimum=3, runs=0",False,False,,,480,train/images/rec_20260912_165456_000160_jpg.rf.df30cfc151b63245e207a64bdfbe3c59.jpg,16.492196002218407,,,15817,0.7754571750747659,20397,images/10c827c2d3de6dcb.jpg,38.99424284951643,NORMAL,64.14592300279764,False,0.21394194204330164,2,False,,target_available,True,False,0.2533173454974067,-0.017990898245993286,train,640
True,0,,0,45.89894412889071,NORMAL,62.84898600279121,False,0.2137716678936039,2,False,,target_available,True,False,0.253343818154002,-0.017898349849469364,480,train/images/rec_20260912_165456_000168_jpg.rf.853fcf974fbbf67dc8bfdddcc575367d.jpg,17.679700002190657,,,15446,0.7637838105127824,20223,images/09c58ccd9db07d8b.jpg,10.413390535886757,S_BEND,63.46873499569483,False,0.27520817693578364,2,False,,target_available,True,False,0.37868730604700296,-0.004616743503741805,train,640
True,0,,0,45.38047375624017,NORMAL,61.03543099743547,False,0.22137497644543694,2,False,,target_available,True,False,0.2585671614485617,-0.015308235270583163,480,train/images/rec_20260912_165456_000184_jpg.rf.b24efcabe2d3804bf7443e45465f4cc1.jpg,17.949883003893774,,,14116,0.7284549489111364,19378,images/16ce84eda098e8e8.jpg,41.57646991491065,NORMAL,61.5129159996286,False,0.21023014933801099,2,False,,target_available,True,False,0.23128589794751103,-0.013243381383593482,train,640
True,0,,0,44.498715971982435,NORMAL,61.18987999798264,False,0.2118265110186005,2,False,,target_available,True,False,0.23120809852806787,-0.012959594089980889,480,train/images/rec_20260912_165456_000192_jpg.rf.131d7f537964e0d58db328d5f0825a23.jpg,15.04068699432537,,,14158,0.7475184794086589,18940,images/e74614947c86434d.jpg,40.09749365468291,NORMAL,61.962052997841965,False,0.22600258910324514,2,False,,target_available,True,False,0.25860016039090883,-0.012105095163784066,train,640
True,0,,0,30.388578093304027,NORMAL,73.57205799780786,False,0.21367978550532182,2,False,,target_available,True,False,0.2266849062122292,-0.008342905201518792,480,train/images/rec_20260912_165456_000200_jpg.rf.172d534fb71f82bcb3b7e211e63b3147.jpg,14.476049000222702,,,12218,0.7485143662316976,16323,images/5d4fee9e71e495f2.jpg,27.24400963667117,NORMAL,59.05624199658632,False,0.2296138721779071,2,False,,target_available,True,False,0.25708818444201875,-0.0064330077988282094,train,640
True,0,,0,1.2722218725854067e-14,NORMAL,60.80268700316083,False,0.23698180486144405,2,False,,target_available,True,False,0.24002063781700617,-0.01869379053021676,480,train/images/rec_20260912_165456_000216_jpg.rf.eb58f998ca14839874a2ea7c481cfbb8.jpg,19.559077998565044,,,8628,0.7547896072084682,11431,images/3bb3d1561127d5c4.jpg,-1.2722218725854067e-14,NORMAL,61.24345999705838,False,0.24122863274307602,2,False,,target_available,True,False,0.24336948441158957,-0.018987680655259187,train,640
True,0,,0,13.601563820999205,NORMAL,58.61539699981222,True,0.154,1,False,,target_available,True,False,0.23004128091388698,-0.04140277341015039,480,train/images/rec_20260912_165456_000224_jpg.rf.e2541bf1f603c58d7eee34555d28e0a5.jpg,15.388954998343252,,,6857,0.6450611476952023,10630,images/4db452b242b793fb.jpg,13.197044803999017,NORMAL,57.87667299591703,True,0.154,1,False,,target_available,True,False,0.2364098500503871,-0.04191238918257005,train,640
True,0,,0,12.33716756420529,NORMAL,58.558669006743,True,0.154,1,False,,target_available,True,False,0.23916603964834046,-0.04204188023110013,480,train/images/rec_20260912_165456_000248_jpg.rf.410c9049efc651a0153b36ec680d32b0.jpg,15.610205999109894,,,8639,0.75873880203759,11386,images/f17766635c05df1f.jpg,15.757331544665119,NORMAL,59.15147199993953,True,0.154,1,False,,target_available,True,False,0.24094649469090776,-0.041734019668643776,train,640
True,0,,0,16.07529780824421,NORMAL,56.709406002482865,True,0.154,1,False,,target_available,True,False,0.24320650999115273,-0.04097798817050617,480,train/images/rec_20260912_165456_000256_jpg.rf.f5e39cce58e8a65887272df2a7f093fb.jpg,16.56561299751047,,,8936,0.7391232423490488,12090,images/371bfc9ae1b13bc4.jpg,12.546784544741092,NORMAL,57.56078300328227,True,0.154,1,False,,target_available,True,False,0.2442410907842029,-0.04081122978620497,train,640
True,0,,0,36.40274017236881,NORMAL,74.97254299960332,,,1,False,,center_path curve folds back (offset=0.077m),False,False,,,480,train/images/rec_20260912_165456_000264_jpg.rf.6c7e7b20dd5e118b4ef5b99a2d7b02a5.jpg,23.854279002989642,,,11637,0.8848756748536233,13151,images/6b189e7b3c4ab4b1.jpg,8.710771831559011,NORMAL,56.173946999479085,True,0.154,1,False,,target_available,True,False,0.2427865221152796,-0.03843675227565038,train,640
True,0,,0,4.000702188790454,NORMAL,55.5272959973081,True,0.154,1,False,,target_available,True,False,0.24285735089276528,-0.03784033780409149,480,train/images/rec_20260912_165456_000272_jpg.rf.ab5b1cdf10f119bbda5b533625d14c49.jpg,14.92456000414677,,,10945,0.7578590222960808,14442,images/7b48f0a9e65190c9.jpg,3.739006925080741,NORMAL,56.60201600403525,True,0.154,1,False,,target_available,True,False,0.24590004000378637,-0.03720164269163442,train,640
True,0,,0,0.0,UNKNOWN,54.70244900061516,True,0.154,1,False,,target_available,True,False,0.2468683895881406,-0.03781241474224817,480,train/images/rec_20260912_165456_000280_jpg.rf.376fe4c81d4fde70bede0e51e887847a.jpg,16.140175001055468,,,11610,0.7878664495114006,14736,images/43f1d467efbceed1.jpg,67.03306928223047,UNKNOWN,83.71788400108926,True,0.154,1,False,,target_available,True,False,0.19615043944004393,-0.11152837323087979,train,640
True,0,,0,6.35647208198786,NORMAL,78.06102099857526,True,0.154,1,False,,target_available,True,False,0.18793851531661518,0.1143639561251114,480,train/images/rec_20260912_165456_000296_jpg.rf.5bc3b928b4a6e7c3b64a15198c86841e.jpg,28.856796001491603,,,0,0.0,12267,images/a80dd7d0199f4005.jpg,,NO_OBSERVATION,0.022298001567833126,,,0,False,,no boundaries detected,False,False,,,train,640
True,0,,0,17.076099052827132,NORMAL,78.18474200030323,True,0.154,1,False,,target_available,True,False,0.15217379078398585,0.12590812086461972,480,train/images/rec_20260912_165456_000312_jpg.rf.b377647365bdc9caa1d4c4679fecdce3.jpg,16.978671999822836,,,15879,0.7875316173188514,20163,images/40d1f03412d0f90c.jpg,4.899756794921009,NORMAL,77.67147900449345,True,0.154,1,False,,target_available,True,False,0.15260793768059772,0.1157325079518323,train,640
True,0,,0,2.44575366268694,NORMAL,80.5464859950007,True,0.154,1,False,,target_available,True,False,0.12831475340549992,0.10375791224012477,480,train/images/rec_20260912_165456_000320_jpg.rf.b28c69517c369045e81206d33abdee7d.jpg,15.1782360044308,,,0,0.0,19459,images/08d6f53072033305.jpg,,NO_OBSERVATION,0.02381399826845154,,,0,False,,no boundaries detected,False,False,,,train,640
True,0,,0,9.964989782260858,NORMAL,80.87904499552678,True,0.154,1,False,,target_available,True,False,0.12239018114624577,0.10651935086534126,480,train/images/rec_20260912_165456_000328_jpg.rf.449f1ba69b1d5b02f33d40351b19e142.jpg,16.02408100006869,,,18823,0.7572819439974252,24856,images/91fc9af5b6afc85a.jpg,5.176437516364748,NORMAL,76.486631995067,True,0.154,1,False,,target_available,True,False,0.12185653453324348,0.08823615554872608,train,640
True,0,,0,15.158781790525683,NORMAL,79.58321499609156,True,0.154,1,False,,target_available,True,False,0.1273189716906887,0.11422594819075294,480,train/images/rec_20260912_165456_000344_jpg.rf.a6ff307908937e00cb2134404679c334.jpg,15.498560998821631,,,0,0.0,21722,images/5cab1c18204f66c7.jpg,,NO_OBSERVATION,0.02402099926257506,,,0,False,,no boundaries detected,False,False,,,train,640
True,0,,0,-3.905934516071144,NORMAL,80.0133110024035,True,0.154,1,False,,target_available,True,False,0.15717755372676434,0.13749199049874367,480,train/images/rec_20260912_165456_000376_jpg.rf.1c6db9119efd97b2ed4948990a3e2d6f.jpg,16.344630996172782,,,21852,0.8778018799710774,24894,images/0a311d5379195a2b.jpg,3.290298208995705,NORMAL,79.85909999842988,True,0.154,1,False,,target_available,True,False,0.15138708191249972,0.12816778942052004,train,640
True,0,,0,25.361781523380763,NORMAL,79.98243499605451,True,0.154,1,False,,target_available,True,False,0.16349594973323472,0.1472041929458111,480,train/images/rec_20260912_165456_000384_jpg.rf.7d3d0fad6237c2532514a10b9dfaf2e7.jpg,17.209516998264007,,,21186,0.8974076584208743,23608,images/51fbf86da893040f.jpg,3.4131255738210777,NORMAL,79.97749700007262,True,0.154,1,False,,target_available,True,False,0.16215933465556864,0.1371088819618788,train,640
True,0,,0,20.985676732317735,NORMAL,82.39660200342769,True,0.154,1,False,,target_available,True,False,0.17412417164325422,0.13446476434200352,480,train/images/rec_20260912_165456_000400_jpg.rf.dd1c5495ad4f72c58d1d5910b75e44a4.jpg,16.404337002313696,,,18629,0.8041179263607718,23167,images/28982e6b3498ea05.jpg,3.0250031843336664,NORMAL,78.49019899731502,True,0.154,1,False,,target_available,True,False,0.1743175521152763,0.134213974773635,train,640
True,0,,0,2.242715474943654,NORMAL,77.86871699499898,True,0.154,1,False,,target_available,True,False,0.18072530322288488,0.12545263956966513,480,train/images/rec_20260912_165456_000408_jpg.rf.6c2dba2d55a04d04e3151f43b91462a6.jpg,16.223400001763366,,,18224,0.7857882028285615,23192,images/f4ed21321790a27a.jpg,3.6054492373077993,NORMAL,80.25601400004234,True,0.154,1,False,,target_available,True,False,0.1799185325114051,0.12660695738758776,train,640
True,0,,0,2.1328092631343445,NORMAL,79.4828080033767,True,0.154,1,False,,target_available,True,False,0.184398047682956,0.11998899954043406,480,train/images/rec_20260912_165456_000416_jpg.rf.873de8e6888cd52e50617edc9084afdb.jpg,17.41877799940994,,,19667,0.8658917800378638,22713,images/474dc1b8c06b4ded.jpg,4.0980391374176905,NORMAL,95.88452800380765,True,0.154,1,False,,target_available,True,False,0.1859241617917979,0.11761039946372667,train,640
True,0,,0,3.3758365382955255,NORMAL,85.04324100067606,True,0.154,1,False,,target_available,True,False,0.1910938074330247,0.10900989294898916,480,train/images/rec_20260912_165456_000424_jpg.rf.b907fc03b728185b1346c3a7e77f312c.jpg,18.32020399888279,,,13870,0.6325534728873079,21927,images/52d868dc653ac43c.jpg,2.9525467294352916,NORMAL,79.10744899709243,True,0.154,1,False,,target_available,True,False,0.19080007693820283,0.10952319681408075,train,640
True,0,,0,25.584533425464667,NORMAL,79.22157800203422,True,0.154,1,False,,target_available,True,False,0.19031222297002953,0.11036873555588901,480,train/images/rec_20260912_165456_000432_jpg.rf.240f717f3bf98f935bff76eafc820aed.jpg,18.76124000409618,,,17258,0.7818956143530265,22072,images/60dec876ba3bf418.jpg,3.592293946878432,NORMAL,80.23774900357239,True,0.154,1,False,,target_available,True,False,0.19277139196394383,0.10601504817847104,train,640
True,0,,0,35.09670006231812,NORMAL,85.56477999809431,True,0.154,1,False,,target_available,True,False,0.1989868161551878,0.09383094903293629,480,train/images/rec_20260912_165456_000448_jpg.rf.6d6a9a9e3501e47b07a9ee2c0cf6f88d.jpg,16.45396900130436,,,17040,0.8111195734958111,21008,images/bb10a3e641719a3b.jpg,5.784574386174093,NORMAL,79.3136440042872,True,0.154,1,False,,target_available,True,False,0.20014255960819224,0.09133978231570958,train,640
True,0,,0,21.00744718881961,NORMAL,86.60117599356454,True,0.154,1,False,,target_available,True,False,0.1989041454997865,0.09400606843709487,480,train/images/rec_20260912_165456_000456_jpg.rf.cd9bd494f412dfa6af59643c04116594.jpg,16.46297299885191,,,19236,0.8551233607468326,22495,images/8601deabbdb520ea.jpg,-4.93658448086227,NORMAL,79.15819799382007,True,0.154,1,False,,target_available,True,False,0.19980247139092422,0.0920813359268799,train,640
True,0,,0,1.4421078850766567,NORMAL,88.0521650033188,True,0.154,1,False,,target_available,True,False,0.19454699677493473,0.1027203292725132,480,train/images/rec_20260912_165456_000464_jpg.rf.1ca3416650f1c624498cdae6d976f049.jpg,16.439205006463453,,,22366,0.8309555654629217,26916,images/31230462c7e19f04.jpg,4.837867103074709,NORMAL,79.26991599379107,True,0.154,1,False,,target_available,True,False,0.19523596601887522,0.10140472164882959,train,640
True,0,,0,42.463594955558115,NORMAL,87.28001800045604,True,0.154,1,False,,target_available,True,False,0.19214128713890297,0.10715281506617377,480,train/images/rec_20260912_165456_000472_jpg.rf.d377cef79e0f3f323fcc2d9c595a6a89.jpg,17.584068002179265,,,25680,0.85728592889334,29955,images/c0c04bcfa9c9f5e2.jpg,5.325433183528603,NORMAL,79.98714299901621,True,0.154,1,False,,target_available,True,False,0.19304756285721852,0.10551131917897844,train,640
True,0,,0,20.092448928245208,NORMAL,88.18399599840632,True,0.154,1,False,,target_available,True,False,0.18969566401551538,0.1114251096194781,480,train/images/rec_20260912_165456_000480_jpg.rf.08c44389c2a6e5e844ce6e9957631900.jpg,16.951284997048788,,,26022,0.8153021900554563,31917,images/6f5cf3886890b91b.jpg,-4.7166581841891375,NORMAL,86.31401899765478,True,0.154,1,False,,target_available,True,False,0.18970530339992933,0.11140869742502493,train,640
True,0,,0,-15.46147501353768,NORMAL,87.0895219995873,True,0.154,1,False,,target_available,True,False,0.1877382960827418,0.11469233707597375,480,train/images/rec_20260912_165456_000488_jpg.rf.b86b448baf20ef22ec184713dcc83c5b.jpg,16.567460996157024,,,27374,0.8649519716885743,31648,images/6f5ec2af43c489cd.jpg,-10.869475590412875,NORMAL,85.00158599781571,True,0.154,1,False,,target_available,True,False,0.18726445754351007,0.11546437953297509,train,640
True,0,,0,30.30501952822898,NORMAL,84.80632200371474,True,0.154,1,False,,target_available,True,False,0.18895918930122516,0.11266953793560955,480,train/images/rec_20260912_165456_000496_jpg.rf.97391237add32bcbb933ca2628cb7735.jpg,48.556477995589375,,,25800,0.843275044941984,30595,images/196b49a723bf0d5b.jpg,-8.42257441419581,NORMAL,84.87821999733569,True,0.154,1,False,,target_available,True,False,0.18895417982390428,0.11267793895468466,train,640
True,0,,0,40.88652083467324,S_BEND,86.90818399918498,True,0.154,1,False,,target_available,True,False,0.19349572448131427,0.10468717499030772,480,train/images/rec_20260912_165456_000504_jpg.rf.59e38f9779f095e06941bdcc2667323e.jpg,15.248834999511018,,,25754,0.8431494516287444,30545,images/a51307bd73172e05.jpg,-9.374939786885928,NORMAL,86.67477900598897,True,0.154,1,False,,target_available,True,False,0.1930714175233021,0.1054676620369616,train,640
True,0,,0,,NO_OBSERVATION,31.79508200264536,,,1,False,,initial boundary overlaps robot reference,False,False,,,480,train/images/rec_20260912_165456_000512_jpg.rf.47dbbf4ce172574ea23a3058e09fa80c.jpg,16.613628999039065,,,26718,0.8663705048801842,30839,images/0297ed0f786538c3.jpg,-8.95694017370852,NORMAL,87.37817400105996,True,0.154,1,False,,target_available,True,False,0.19664461890810037,0.0986452931187696,train,640
True,0,,0,-9.323673774139618,NORMAL,84.72064399393275,True,0.154,1,False,,target_available,True,False,0.20187688547618812,0.08743982565418355,480,train/images/rec_20260912_165456_000520_jpg.rf.332a574bec68f0532c15ecdbc22e05a9.jpg,17.06162199843675,,,22821,0.6954653501554214,32814,images/2e0e41bd05efd52b.jpg,-6.751282122654337,NORMAL,83.96347300003981,True,0.154,1,False,,target_available,True,False,0.20071672627748205,0.09007105968317658,train,640
True,6957,0.7329329962073325,9492,-2.6575748312911704,NORMAL,77.59287799854064,True,0.154,1,False,,target_available,True,False,0.21090023085453596,0.06261862842240662,480,train/images/rec_20260912_165456_000544_jpg.rf.ff25f7ce43fb3c8720a13fef226e96d1.jpg,16.778286000771914,,,21597,0.7487259490379615,28845,images/6f2e05c09e04c976.jpg,-4.860740671875628,NORMAL,63.887461998092476,True,0.154,1,False,,target_available,True,False,0.210694894536433,0.06330609304230815,train,640
True,9122,0.7607372195813527,11991,1.221873731867806,NORMAL,72.90509300219128,True,0.154,1,False,,target_available,True,False,0.21524927329632979,0.0454725229715917,480,train/images/rec_20260912_165456_000560_jpg.rf.913517f6bbff27f58747334f9d1b3bac.jpg,16.84622700122418,,,18313,0.6874765372775734,26638,images/fd8ff40f57af2a79.jpg,-5.691828335424519,NORMAL,74.45889499649638,True,0.154,1,False,,target_available,True,False,0.21512006446563675,0.046079907381637315,train,640
True,9329,0.7464991597983516,12497,1.2057076695713491,NORMAL,71.54490800166968,True,0.154,1,False,,target_available,True,False,0.21628621055907316,0.04025264118037809,480,train/images/rec_20260912_165456_000568_jpg.rf.38a3f46100006df5bcd855b86ddf89a0.jpg,16.83964400581317,,,17770,0.7163300681259323,24807,images/7bda169db3f02840.jpg,-4.685752488264176,NORMAL,72.74779099680018,True,0.154,1,False,,target_available,True,False,0.21611855916431563,0.04114326657838683,train,640
True,9956,0.7382470710366306,13486,-1.0611924512115405,NORMAL,68.35838499682723,True,0.154,1,False,,target_available,True,False,0.2180759461669876,0.02903242503431505,480,train/images/rec_20260912_165456_000576_jpg.rf.c7fc852cb1c1e1400d065e75caafed2e.jpg,17.320366998319514,,,15022,0.5591662013772567,26865,images/9114047c21ad4d24.jpg,,NO_OBSERVATION,45.57558099622838,,,2,False,,"no unambiguous left/right boundary pair (projected=1, fitted=1; side association ambiguous)",False,False,,,train,640
True,12114,0.7934761249754372,15267,1.0886036268371893,NORMAL,66.86416199954692,True,0.154,1,False,,target_available,True,False,0.2187038379484357,0.023845990577545002,480,train/images/rec_20260912_165456_000584_jpg.rf.f250a459962e6838d62fbdd666e62008.jpg,17.30555899848696,,,14703,0.5698837209302325,25800,images/105e7e9a3bc21fbb.jpg,,NO_OBSERVATION,45.123345000320114,,,2,False,,"no unambiguous left/right boundary pair (projected=1, fitted=1; side association ambiguous)",False,False,,,train,640
True,12984,0.8033162160490008,16163,0.9633532655069659,NORMAL,66.76133700239006,True,0.154,1,False,,target_available,True,False,0.21942910802446525,0.015838767363262892,480,train/images/rec_20260912_165456_000592_jpg.rf.36469d8ea91502dcd5a310a3b622bc8e.jpg,17.371154004649725,,,13002,0.5259921517860755,24719,images/416f9565fc087ae5.jpg,5.724998426634331e-14,NORMAL,52.28207100299187,False,0.1847578108836389,2,False,,target_available,True,False,0.340629202656542,0.07567813116209224,train,640
True,13024,0.6441465947870815,20219,-6.361109362927034e-14,NORMAL,59.12903400167124,False,0.20065467545276294,2,False,,target_available,True,False,0.26362818068024246,0.030952790930401708,480,train/images/rec_20260912_165456_000616_jpg.rf.3560690f68262738e711d40f559e7185.jpg,17.72853099828353,,,18440,0.7020215479498991,26267,images/3b47bdfeeedeb9fb.jpg,-6.361109362927034e-14,NORMAL,48.87219700322021,False,0.1931885011723885,2,False,,target_available,True,False,0.24080120689521195,0.025096209197540097,train,640
True,16574,0.7092301767298558,23369,-7.156248033292912e-14,NORMAL,51.9210509955883,False,0.1964326579027063,2,False,,target_available,True,False,0.25676568065105304,0.029252299747543294,480,train/images/rec_20260912_165456_000624_jpg.rf.d011115b916e5c9f78d8bd65189247af.jpg,17.281401000218466,,,16137,0.6037940582204595,26726,images/c3b1db0743a21231.jpg,4.770832022195275e-14,NORMAL,48.25683800299885,False,0.19250344649091816,2,False,,target_available,True,False,0.24075594322554633,0.026430075441387278,train,640
True,18214,0.6672528116642854,27297,6.361109362927034e-14,NORMAL,51.30241800361546,False,0.19827637963371214,2,False,,target_available,True,False,0.27261331768011116,0.037277753821955015,480,train/images/rec_20260912_165456_000632_jpg.rf.466c71141d20f5a8b579fb09e33d06c4.jpg,16.863768993061967,,,18218,0.6729213607653382,27073,images/d797e9dd97f268cc.jpg,-9.54166404439055e-14,NORMAL,48.10420899593737,False,0.19482890234569214,2,False,,target_available,True,False,0.2579577208877162,0.034205707910222864,train,640
True,24093,0.7644688412235056,31516,6.361109362927034e-14,NORMAL,56.25499899906572,False,0.19745747519230905,2,False,,target_available,True,False,0.29269274304295667,0.048463783570180344,480,train/images/rec_20260912_165456_000640_jpg.rf.85c3783393be3ccb8caf6ffafe08b4a3.jpg,16.93944500584621,,,19789,0.7046360917248256,28084,images/732e0f4da5812412.jpg,7.63333123551244e-14,NORMAL,56.06956900010118,False,0.192435446008622,2,False,,target_available,True,False,0.2778333808530437,0.04439116362170492,train,640
True,26053,0.7440525489076111,35015,-3.975693351829396e-14,NORMAL,55.88847299804911,False,0.19390232624112033,2,False,,target_available,True,False,0.27065907485500684,0.04303587040069221,480,train/images/rec_20260912_165456_000656_jpg.rf.9ba30fcc02742abbcf99d1f9a2a588a9.jpg,19.591477001085877,,,22332,0.7717455161212289,28937,images/9088f6672f828296.jpg,-6.202081628853858e-14,NORMAL,55.74866400274914,False,0.19205875644286818,2,False,,target_available,True,False,0.2777836650913887,0.04515213807664396,train,640
True,27551,0.7645410145410145,36036,10.298817820566756,NORMAL,56.70495999947889,False,0.18866117163268775,2,False,,target_available,True,False,0.2819211859233244,0.04327975006662352,480,train/images/rec_20260912_165456_000664_jpg.rf.0476b1053c9f8a8596db00f027185fd2.jpg,17.362302001856733,,,20105,0.717984429683594,28002,images/8ca5e647109a6104.jpg,-6.997220299219736e-14,NORMAL,55.723234996548854,False,0.1931309415502206,2,False,,target_available,True,False,0.25784456166058867,0.0353367738792968,train,640
True,28879,0.710255779636006,40660,-5.247915224414803e-14,NORMAL,56.56030100362841,False,0.19755974316693173,2,False,,target_available,True,False,0.2369928857928864,0.01927525611599982,480,train/images/rec_20260912_165456_000672_jpg.rf.f5ea48a85c0cac82bcbc298f33066e01.jpg,17.55039900308475,,,19377,0.7246447270007479,26740,images/85a72b34d2705707.jpg,5.804512293670918e-14,NORMAL,56.46362799598137,False,0.19849230707082852,2,False,,target_available,True,False,0.2482542562393374,0.022118391721668497,train,640
True,28429,0.6864255360247248,41416,3.578124016646456e-14,NORMAL,58.37327500194078,False,0.1969458068137135,2,False,,target_available,True,False,0.2275099398361124,0.01331596438673601,480,train/images/rec_20260912_165456_000680_jpg.rf.80d876cc141d6655c03614b7dcc523a7.jpg,20.563550999213476,,,20564,0.7717481047812055,26646,images/918679f327e1a852.jpg,4.850345889231863e-14,NORMAL,56.76263300119899,False,0.19866043574256462,2,False,,target_available,True,False,0.2301310256438825,0.014296564512936948,train,640
True,29073,0.6904880655504096,42105,4.01545028534769e-14,NORMAL,57.852393001667224,False,0.19628702158899175,2,False,,target_available,True,False,0.21992677935273933,0.005675537290117328,480,train/images/rec_20260912_165456_000688_jpg.rf.40811e481b057156455dbfdb05c02754.jpg,19.058208003116306,,,18959,0.7404413200546768,25605,images/56e1362ed82f4ebd.jpg,2.5444437451708134e-14,NORMAL,57.82453600113513,False,0.19786527802933468,2,False,,target_available,True,False,0.2198998271246276,0.006638224955430042,train,640
True,35089,0.6931845120505729,50620,3.255098931810318e-14,NORMAL,58.17688100069063,False,0.19304347023635407,2,False,,target_available,True,False,0.21999938904210345,0.0005184796053919191,480,train/images/rec_20260912_165456_000696_jpg.rf.8fb324af2fa9591d71a768e6858dc585.jpg,18.048741003440227,,,19614,0.7664712778429074,25590,images/191a58388f3a9912.jpg,-3.270007781879678e-14,NORMAL,57.64026699762326,False,0.19512946906065792,2,False,,target_available,True,False,0.2199997557282373,0.00032784068679897965,train,640
True,47709,0.699401882311549,68214,-1.674760824458133e-14,NORMAL,57.621311003458686,False,0.19292751291943408,2,False,,target_available,True,False,0.2199990184172456,-0.0006571875291214326,480,train/images/rec_20260912_165456_000704_jpg.rf.43dacdfc821ed2a0cb072f2542de42a3.jpg,17.3632779988111,,,19982,0.7770259760460414,25716,images/cdc6920833b99d66.jpg,3.334612798846906e-14,NORMAL,57.58080600207904,False,0.19160008747106277,2,False,,target_available,True,False,0.21999999982185067,8.853569427980711e-06,train,640
True,64337,0.8012578616352202,80295,3.2327356567062775e-14,NORMAL,57.93871599598788,False,0.18945626408729546,2,False,,target_available,True,False,0.2199993454504139,0.00053665760914187,480,train/images/rec_20260912_165456_000712_jpg.rf.2270051787f6c68f65f1b51c419ebffe.jpg,17.227162003109697,,,19274,0.7442560914391628,25897,images/1230991c8dae02b7.jpg,-1.714517757976427e-14,NORMAL,57.76990400045179,False,0.19185322417778916,2,False,,target_available,True,False,0.21999920885460605,0.0005900028367990675,train,640
True,86130,0.8608523567744772,100052,3.286159036121485e-14,NORMAL,57.176654001523275,False,0.18895312383633805,2,False,,target_available,True,False,0.21999760499760088,0.0010265453324500827,480,train/images/rec_20260912_165456_000720_jpg.rf.b1dc8a05637a8cef3d555c36a7e1cde0.jpg,17.424871999537572,,,20806,0.7991856802642698,26034,images/4de28b5e6cbc0c82.jpg,-3.262553356844998e-14,NORMAL,57.50967399944784,False,0.19116539534445315,2,False,,target_available,True,False,0.2199969796475625,0.0011527991802403146,train,640
True,79512,0.8971329925870765,88629,-3.270007781879678e-14,NORMAL,57.594910002080724,False,0.19013656463584866,2,False,,target_available,True,False,0.21999535090416417,0.001430237936036801,480,train/images/rec_20260912_165456_000728_jpg.rf.bf11c09e2fb8083ea6528f02fa2006a7.jpg,17.23318899894366,,,17889,0.6893641618497109,25950,images/df15ddba9fe805eb.jpg,-1.6374886992847323e-14,NORMAL,57.50967500352999,False,0.19083953704574436,2,False,,target_available,True,False,0.21998456188450147,0.002606248737925404,train,640
True,71398,0.9096909002879494,78486,3.299825482018399e-14,NORMAL,56.66208099864889,False,0.18927082116164295,2,False,,target_available,True,False,0.21998994498865096,0.0021033553884984794,480,train/images/rec_20260912_165456_000736_jpg.rf.ecbfe8f3364180987501abbf15c541be.jpg,17.206579002959188,,,18897,0.7435957974265139,25413,images/093441881abd4878.jpg,-3.322188757122439e-14,NORMAL,56.47509900154546,False,0.19319075398835536,2,False,,target_available,True,False,0.21996957135383097,0.0036589176557924037,train,640
True,56384,0.9497212349879567,59369,1.828818941841522e-14,NORMAL,56.81645299773663,False,0.18978063178638221,2,False,,target_available,True,False,0.2199736069314003,0.003407675687296876,480,train/images/rec_20260912_165456_000744_jpg.rf.c261fe3c7f252e3f958140900bf4e94b.jpg,17.170632003399078,,,18565,0.744983948635634,24920,images/e1a79b5e84952c74.jpg,-1.6381099013709557e-14,NORMAL,65.98148599732667,False,0.19677407578940823,2,False,,target_available,True,False,0.21997021192176466,0.003620202631614548,train,640
True,35662,0.9397349073756884,37949,3.254788330767206e-14,NORMAL,64.65547600237187,False,0.19232614590015543,2,False,,target_available,True,False,0.21990754978056823,0.006377268185274574,480,train/images/rec_20260912_165456_000752_jpg.rf.1ed5c95d783a18725ca7b9ba1d47c16b.jpg,18.710192998696584,,,20287,0.8006551424737548,25338,images/11e813e373962e9a.jpg,-1.647427932664306e-14,NORMAL,56.711696001002565,False,0.19433846931887097,2,False,,target_available,True,False,0.21989677674293118,0.00673851452988688,train,640
True,0,0.0,23510,-3.061283880908635e-14,NORMAL,64.20532899937825,False,0.19015739221264857,2,False,,target_available,True,False,0.2199228701316693,0.00582504875935909,480,train/images/rec_20260912_165456_000760_jpg.rf.d7819dda06b66dabd180a49a6d00a936.jpg,18.653831000847276,,,18117,0.7199856932798157,25163,images/c11d960b78209d16.jpg,-1.6847000578377066e-14,NORMAL,64.35259900172241,False,0.19752769126177633,2,False,,target_available,True,False,0.21992575872924253,0.0057149494632057355,train,640
True,0,,0,3.438974749332428e-14,NORMAL,70.14569999591913,False,0.19119839418399903,2,False,,target_available,True,False,0.21996177399018182,0.004100973432268784,480,train/images/rec_20260912_165456_000776_jpg.rf.963b36da612b0b9caee578147242be1f.jpg,17.09539900184609,,,18075,0.7789940955910873,23203,images/cd06425b68ae97e5.jpg,-8.526733361229487,NORMAL,70.16507699881913,False,0.19080864874939504,2,False,,target_available,True,False,0.21995712517032528,0.0043431655282594045,train,640
True,0,,0,-3.240190081740958e-14,NORMAL,69.21500699536409,False,0.18859810852425504,2,False,,target_available,True,False,0.2199161184950444,0.006074605013792129,480,train/images/rec_20260912_165456_000784_jpg.rf.f7e4d305ba654e4f3e42623a5bae1389.jpg,17.269853000470903,,,18596,0.8094367545921477,22974,images/acf7431125e04f88.jpg,-16.001855677930088,NORMAL,68.92869799776236,False,0.1892444489709524,2,False,,target_available,True,False,0.21995609900438032,0.0043948277298724355,train,640
True,0,,0,-1.769183541564081e-14,NORMAL,68.37371200526832,False,0.18615879174788347,2,False,,target_available,True,False,0.2199616783612235,0.004106099428127259,480,train/images/rec_20260912_165456_000792_jpg.rf.2c0acc9a18125ca0bfe4741a688688fb.jpg,18.019499999354593,,,16128,0.7397147181580517,21803,images/1d21184c1825d469.jpg,-2.1667528767470207e-14,NORMAL,68.2454640045762,False,0.1890290994045805,2,False,,target_available,True,False,0.21998769750745337,0.002326573740328922,train,640
True,0,,0,-17.32448543082621,NORMAL,68.32763100101147,False,0.1856455187384556,2,False,,target_available,True,False,0.21999957260853029,-0.0004336497019597427,480,train/images/rec_20260912_165456_000800_jpg.rf.5a865b4de477143d445c6cbf5946f705.jpg,18.661551002878696,,,18351,0.8359983599835998,21951,images/74764176893fce24.jpg,1.828818941841522e-14,NORMAL,67.69514200277627,False,0.18805381673494645,2,False,,target_available,True,False,0.21999315541791845,-0.0017353873537570533,train,640
True,0,,0,-11.122950692422506,NORMAL,68.66559400077676,False,0.18528874073404672,2,False,,target_available,True,False,0.21984160706907713,-0.00834672398522294,480,train/images/rec_20260912_165456_000808_jpg.rf.65dc276fa42d1274a911926c6914d799.jpg,17.338345998723526,,,14683,0.7225885826771653,20320,images/4eabfbad0cf7a50c.jpg,-1.6697912077683464e-14,NORMAL,66.91623899678234,False,0.18460576704149934,2,False,,target_available,True,False,0.2198336734282189,-0.008553129664351558,train,640
True,0,,0,-12.811958482451981,NORMAL,68.42053300351836,True,0.154,1,False,,target_available,True,False,0.21989558620825136,-0.006777253583088477,480,train/images/rec_20260912_165456_000824_jpg.rf.effca8b7dff3446eb00f2031ea71cf17.jpg,16.832920999149792,,,13523,0.7677415692063132,17614,images/89a06c00b7ecaea2.jpg,-15.687477082966437,NORMAL,68.94546800322132,True,0.154,1,False,,target_available,True,False,0.21992822874129997,-0.005619092694949843,train,640
True,0,,0,-14.848583493858705,NORMAL,67.37970899848733,True,0.154,1,False,,target_available,True,False,0.21988236140469286,-0.00719354871367746,480,train/images/rec_20260912_165456_000832_jpg.rf.0d8f003e7e0a9e714ddaef47af3aeeab.jpg,16.816839000966866,,,16227,0.8673829377806286,18708,images/312db40950ef94a1.jpg,-15.062183750340072,NORMAL,68.19664099748479,True,0.154,1,False,,target_available,True,False,0.21990065136064957,-0.006610864630442697,train,640
True,0,,0,-13.033556037240519,NORMAL,66.51764199341414,True,0.154,1,False,,target_available,True,False,0.2197845620351098,-0.009733770648364977,480,train/images/rec_20260912_165456_000864_jpg.rf.a647749caa851faa5c4b1786f7d049b2.jpg,17.09979299630504,,,16482,0.8439756259921143,19529,images/98d39f0a43b45a7d.jpg,-13.886350704005133,NORMAL,67.4833140001283,True,0.154,1,False,,target_available,True,False,0.21977507976813057,-0.00994556750074337,train,640
True,0,,0,-13.884361116480918,NORMAL,69.1613549934118,True,0.154,1,False,,target_available,True,False,0.21963876567991558,-0.0126020875494161,480,train/images/rec_20260912_165456_000872_jpg.rf.abcde5cd36b2a1139af729bca87c3190.jpg,16.926983997109346,,,17718,0.8552396582516774,20717,images/edeff23ead312db9.jpg,-14.475662601405153,NORMAL,65.256619003776,True,0.154,1,False,,target_available,True,False,0.21969859501609967,-0.011512052291048045,train,640
True,0,,0,-11.445171772977526,NORMAL,68.1735780017334,True,0.154,1,False,,target_available,True,False,0.21948841962612078,-0.014994453975650943,480,train/images/rec_20260912_165456_000880_jpg.rf.d710505f1375848f378b15d1cde9f670.jpg,16.804580001917202,,,18688,0.8720078391115673,21431,images/0bdd45d9528eeb66.jpg,-12.052705403551071,NORMAL,68.34394399629673,True,0.154,1,False,,target_available,True,False,0.21950332477169832,-0.014774654451808023,train,640
True,0,,0,-10.459849510119776,NORMAL,66.32511399948271,True,0.154,1,False,,target_available,True,False,0.21944304385911675,-0.015644503886214106,480,train/images/rec_20260912_165456_000888_jpg.rf.1c1319a703ce9baa45b30d3827a64d09.jpg,16.718305996619165,,,19662,0.8691923433977278,22621,images/dd7b10a5c5b6a5af.jpg,-11.344981686937562,NORMAL,64.8516059955,True,0.154,1,False,,target_available,True,False,0.21941285307703964,-0.016062375434331602,train,640
True,0,,0,-11.482059444481058,NORMAL,63.47890699544223,True,0.154,1,False,,target_available,True,False,0.21957577999736816,-0.01365565225638746,480,train/images/rec_20260912_165456_000896_jpg.rf.e32c1ea96c4a8e3771b77edf7188279c.jpg,18.35075100098038,,,21245,0.8857619345424224,23985,images/8ae81b7b411d5d78.jpg,-12.63769941151604,NORMAL,64.84963999537285,True,0.154,1,False,,target_available,True,False,0.21957842390628635,-0.013613072938584195,train,640
True,0,,0,-82.93061964618568,CORNER,113.89448400586843,,,1,True,,center_path curve folds back (offset=-0.077m),False,False,,,480,train/images/rec_20260912_165456_000904_jpg.rf.93d68d7342893e99d740800faa01bfcc.jpg,17.068508997908793,,,19117,0.8312461953213323,22998,images/6d25c6f46a0bca2c.jpg,-82.44592176217155,CORNER,113.1633850018261,,,1,True,,center_path curve folds back (offset=-0.077m),False,False,,,train,640
True,0,,0,-81.74403055514641,CORNER,116.48600500484463,,,1,True,,center_path curve folds back (offset=-0.077m),False,False,,,480,train/images/rec_20260912_165456_000912_jpg.rf.265849f0e1c2b01433afca8ac15970d6.jpg,18.050298000162,,,16892,0.754781054512958,22380,images/8867606cef0c1698.jpg,-82.37115849119992,CORNER,116.89775400009239,,,1,True,,center_path curve folds back (offset=-0.077m),False,False,,,train,640
True,0,,0,-81.43692549431158,CORNER,114.28565699316096,,,1,True,,center_path curve folds back (offset=-0.077m),False,False,,,480,train/images/rec_20260912_165456_000920_jpg.rf.d143efe7df013c807be0f2436df5e05e.jpg,15.85316900309408,,,17150,0.8379751783445715,20466,images/a15d9daefdb3aa3b.jpg,-81.74109530637926,CORNER,114.23682500026189,,,1,True,,center_path curve folds back (offset=-0.077m),False,False,,,train,640
True,0,,0,-3.3202007975515113,NORMAL,59.03956999827642,True,0.154,1,False,,target_available,True,False,0.21983905595952014,0.008413648128308072,480,train/images/rec_20260912_165456_000928_jpg.rf.0c480fb2f3350b98fae387000533643c.jpg,18.097029998898506,,,16875,0.7610950748692044,22172,images/c06193eb9fd8a127.jpg,-4.0809631612688335,NORMAL,59.70066699956078,True,0.154,1,False,,target_available,True,False,0.2198057511407967,0.009242930565040232,train,640
True,0,,0,,NO_OBSERVATION,0.01085200347006321,,,0,False,,no boundaries detected,False,False,,,480,train/images/rec_20260912_165456_001000_jpg.rf.e17918026f908abc0dd66df303cf1f6a.jpg,15.730197999801021,,,0,,0,images/65e3700fe15a9190.jpg,,NO_OBSERVATION,0.04650899791158736,,,0,False,,no boundaries detected,False,False,,,train,640
True,0,,0,4.819562541291957,NORMAL,44.92594899784308,True,0.154,1,False,,target_available,True,False,0.21995562578738095,0.004418448198365787,480,train/images/rec_20260912_165456_001272_jpg.rf.68288908919e6c8335dffed25e9034e9.jpg,19.186543999239802,,,20081,0.9292457195742712,21610,images/cb50602125fb851b.jpg,33.76149892583009,NORMAL,42.617847000656184,True,0.154,1,False,,target_available,True,False,0.22004443571018026,0.008906469088986887,train,640
True,0,,0,3.9589899758692235,NORMAL,45.06152899557492,True,0.154,1,False,,target_available,True,False,0.21962900382333553,0.012771087642376801,480,train/images/rec_20260912_165456_001280_jpg.rf.a2787f2ee615a0126043ac972599fea6.jpg,17.034310003509745,,,22824,0.9645030425963489,23664,images/f883966f20e2fca9.jpg,4.484319770280739,NORMAL,47.69576199760195,True,0.154,1,False,,target_available,True,False,0.2195360450620587,0.014280228237312339,train,640
True,0,,0,3.160501696195008,NORMAL,45.67059600231005,True,0.154,1,False,,target_available,True,False,0.21848512863617564,0.02577302009532013,480,train/images/rec_20260912_165456_001288_jpg.rf.7a0fd3c404512ca7d465b5314071938a.jpg,16.39789299952099,,,22958,0.9310946181611712,24657,images/a7bba1944a4c6859.jpg,7.5508317240431575,NORMAL,46.55867400288116,True,0.154,1,False,,target_available,True,False,0.2185479622853707,0.02523466229043242,train,640
True,0,,0,-0.3640578189142216,NORMAL,54.968593998637516,True,0.154,1,False,,target_available,True,False,0.21655753993858143,0.038766375839762335,480,train/images/rec_20260912_165456_001304_jpg.rf.722143823803ed787b3c40d44dc5039e.jpg,17.112661997089162,,,22971,0.8812967581047382,26065,images/fdfd1da2505108dc.jpg,1.288715870061837,NORMAL,57.113877999654505,True,0.154,1,False,,target_available,True,False,0.21610661096136205,0.04120597892047361,train,640
True,0,,0,,NO_OBSERVATION,22.73564699862618,,,1,False,,initial boundary overlaps robot reference,False,False,,,480,train/images/rec_20260912_165456_001312_jpg.rf.691e0377c7cd19fef5afd50d9a2add5f.jpg,16.49342799646547,,,21705,0.8817794028031688,24615,images/418578f2587ad3c4.jpg,,NO_OBSERVATION,21.893826997256838,,,1,False,,initial boundary overlaps robot reference,False,False,,,train,640
True,0,,0,,NO_OBSERVATION,25.92399399873102,,,1,False,,initial boundary overlaps robot reference,False,False,,,480,train/images/rec_20260912_165456_001336_jpg.rf.86788b0bd6cfeef69e62846309473e6a.jpg,15.464502001123037,,,20582,0.8495480249308622,24227,images/d2aeab0498a3834d.jpg,,NO_OBSERVATION,22.67639199999394,,,1,False,,initial boundary overlaps robot reference,False,False,,,train,640
True,0,,0,0.2985807252398676,NORMAL,59.211898005742114,True,0.154,1,False,,target_available,True,False,0.20331785402244473,-0.08403481561655182,480,train/images/rec_20260912_165456_001344_jpg.rf.7299c6da16912d725ae133af80165231.jpg,17.243893998966087,,,21356,0.8664043166051361,24649,images/146819c0386bb2ab.jpg,-1.2746355485026477,NORMAL,57.35786900186213,True,0.154,1,False,,target_available,True,False,0.20396670905246952,-0.08244744749417805,train,640
True,0,,0,-0.2978628370381852,NORMAL,58.89075899904128,True,0.154,1,False,,target_available,True,False,0.20423067432783135,-0.08179139113378182,480,train/images/rec_20260912_165456_001352_jpg.rf.f88f8e1be62d54bf76c4eaa1159d8dad.jpg,18.196380995505024,,,21337,0.8545054064877854,24970,images/02fa9eb9825d3c49.jpg,1.7047017797499253,NORMAL,57.75005000032252,True,0.154,1,False,,target_available,True,False,0.20494859333293433,-0.07997545930378576,train,640
True,0,,0,,NO_OBSERVATION,34.82035599881783,,,2,False,,"no unambiguous left/right boundary pair (projected=1, fitted=1; side association ambiguous)",False,False,,,480,train/images/rec_20260912_165456_001360_jpg.rf.8b7ff27f69783a6be656f1e4d4b0ca62.jpg,17.48927000153344,,,21899,0.8272201866052205,26473,images/00306ce7e10cd266.jpg,,NO_OBSERVATION,35.51249500014819,,,2,False,,"no unambiguous left/right boundary pair (projected=1, fitted=1; side association ambiguous)",False,False,,,train,640
True,0,,0,,NO_OBSERVATION,55.50272199616302,,,2,False,,lane width implausibly narrow or invalid; remeasure pair,False,False,,,480,train/images/rec_20260912_165456_001368_jpg.rf.c230fa40f3c0563bb18708f35aca97ad.jpg,18.053296997095458,,,23140,0.8726477354150168,26517,images/555af95b88c91153.jpg,3.180554681463517e-14,NORMAL,51.26754200318828,False,0.15164161379365593,2,False,,target_available,True,False,0.3512756686399266,-0.10151747029313275,train,640
True,0,,0,,NO_OBSERVATION,51.92886100121541,,,2,False,,lane width implausibly narrow or invalid; remeasure pair,False,False,,,480,train/images/rec_20260912_165456_001376_jpg.rf.131d4a5f874f7e6c3606548d4cfae27b.jpg,17.6231950026704,,,24506,0.857933062596275,28564,images/e78891818c577bb3.jpg,-3.81666561775622e-14,NORMAL,52.766931999940425,False,0.15472855786534792,2,False,,target_available,True,False,0.284609226952793,-0.06797372588569917,train,640
True,0,,0,2.2263882770244617e-14,NORMAL,57.360006001545116,False,0.1510721853407654,2,False,,target_available,True,False,0.24140035077405747,-0.04351571956623197,480,train/images/rec_20260912_165456_001392_jpg.rf.5343e066100eacc87c6ff42746051293.jpg,17.244852999283466,,,25275,0.8625102375102375,29304,images/568e1eda742f9fb2.jpg,-1.5902773407317584e-14,NORMAL,56.106518997694366,False,0.15856042411084667,2,False,,target_available,True,False,0.24028552737573813,-0.045259404508511916,train,640
True,0,,0,-2.067360542951286e-14,NORMAL,57.79072300356347,False,0.1605853115054842,2,False,,target_available,True,False,0.2351746493737611,-0.04232154127356351,480,train/images/rec_20260912_165456_001400_jpg.rf.0da38ba8e2412b12e8daebe9a9bf4f9e.jpg,19.768630001635756,,,25281,0.872360248447205,28980,images/91994f50ef54e343.jpg,-1.90833280887811e-14,NORMAL,55.380131998390425,False,0.16032520974933337,2,False,,target_available,True,False,0.23526899406394103,-0.04141642081956237,train,640
True,0,,0,-2.3854160110976374e-14,NORMAL,55.94000500423135,False,0.15964135291898185,2,False,,target_available,True,False,0.22111593174919703,-0.036043808192245445,480,train/images/rec_20260912_165456_001480_jpg.rf.2f4eb8f2a5e455143a15a4a91328f261.jpg,19.580653999582864,,,26059,0.8224915569863965,31683,images/a74ce6595c65c951.jpg,2.3854160110976374e-14,NORMAL,56.40149599639699,False,0.16092490732464515,2,False,,target_available,True,False,0.22127834231403748,-0.034496665573531544,train,640
True,0,,0,-1.90833280887811e-14,NORMAL,61.08697099989513,False,0.1557516640427516,2,False,,target_available,True,False,0.21818733094353898,-0.028183126436479588,480,train/images/rec_20260912_165456_001488_jpg.rf.72ba62705c5d703744f52a3b53dc97d1.jpg,17.247406001843046,,,27060,0.854193629849427,31679,images/a0c426afc332bc54.jpg,2.1468744099878737e-14,NORMAL,57.09730899980059,False,0.16068530732579447,2,False,,target_available,True,False,0.21802596994235443,-0.029405380981982955,train,640
True,0,,0,1.6300342742500524e-14,NORMAL,62.31806999858236,False,0.15858008117208672,2,False,,target_available,True,False,0.21896242008147973,-0.021341475864184858,480,train/images/rec_20260912_165456_001496_jpg.rf.89081acaeb9a30b0e0d428e592b86e17.jpg,17.23950700397836,,,28167,0.8341576095003997,33767,images/1494b1266960807b.jpg,1.6697912077683464e-14,NORMAL,58.29196499689715,False,0.1623296518891036,2,False,,target_available,True,False,0.21895517911119056,-0.021415637753437973,train,640
True,0,,0,-3.319703948777546e-14,NORMAL,62.80978999711806,False,0.16021663087511703,2,False,,target_available,True,False,0.21992535655271814,-0.005730405322472181,480,train/images/rec_20260912_165456_001552_jpg.rf.9e86747ab6eb6e0a7dfa5d5652886804.jpg,17.394722999597434,,,26452,0.7896590841244253,33498,images/cfb7c5a1286f87d1.jpg,1.928211275637257e-14,NORMAL,60.559306999493856,False,0.1604221322842244,2,False,,target_available,True,False,0.21993232936342838,-0.005456235036767707,train,640
True,0,,0,-3.319703948777546e-14,NORMAL,63.58451199776027,False,0.15794582650650518,2,False,,target_available,True,False,0.21996096865031278,-0.004143943823957969,480,train/images/rec_20260912_165456_001560_jpg.rf.407dddfd88432bbaba0140c8daa492b2.jpg,17.027943998982664,,,28124,0.8118468910570983,34642,images/d65397aeb9d55e2b.jpg,-2.743228412762283e-14,NORMAL,60.48529599502217,False,0.16040724610469573,2,False,,target_available,True,False,0.21996328400063805,-0.004019165542080827,train,640
True,0,,0,-3.140797747945223e-14,NORMAL,67.0184810005594,False,0.15902669676326156,2,False,,target_available,True,False,0.2199990871068678,0.0006337760998859289,480,train/images/rec_20260912_165456_001584_jpg.rf.7568cff107f163c48ebf9e17e02d19d2.jpg,17.246554998564534,,,26880,0.8168226571046554,32908,images/45da1a0f03d822de.jpg,2.981770013872047e-14,NORMAL,60.88691700279014,False,0.16195165776460044,2,False,,target_available,True,False,0.2199981937227893,0.0008914924060738887,train,640
True,0,,0,3.657637883683044e-14,NORMAL,62.24347499664873,False,0.15943063379734077,2,False,,target_available,True,False,0.21955697589403556,0.013954724514152458,480,train/images/rec_20260912_165456_001600_jpg.rf.14ea607ce3e891bf04ad5bb447d95c87.jpg,17.68350900238147,,,25899,0.7574800386066509,34191,images/3dd84a22db0a00bf.jpg,2.067360542951286e-14,NORMAL,60.062914999434724,False,0.16302376741738706,2,False,,target_available,True,False,0.2195270758680621,0.01441745334024396,train,640
True,0,,0,3.657637883683044e-14,NORMAL,61.38303400075529,False,0.1610080674854861,2,False,,target_available,True,False,0.21876683293272994,0.023260971789308953,480,train/images/rec_20260912_165456_001608_jpg.rf.88fbf738ed3f14e7f8e21ef9115928c6.jpg,17.08516299549956,,,26016,0.7474143874971271,34808,images/cd30568a2949cd87.jpg,-4.770832022195275e-14,NORMAL,58.922045995132066,False,0.1616218150754665,2,False,,target_available,True,False,0.21866206150070702,0.024226078103172493,train,640
True,0,,0,-3.180554681463517e-14,NORMAL,61.15455999679398,False,0.16050892356106772,2,False,,target_available,True,False,0.21836239093118848,0.026793025712203787,480,train/images/rec_20260912_165456_001624_jpg.rf.d6eb38fed0ada9b9e3a9e8fdce87997c.jpg,17.015172998071648,,,28633,0.796578105438865,35945,images/b164205a6f41fcd3.jpg,-3.339582415536693e-14,NORMAL,58.477178994507995,False,0.16175350249577014,2,False,,target_available,True,False,0.22231636494288387,0.028347540833801196,train,640
True,0,,0,-3.180554681463517e-14,NORMAL,61.332871999184135,False,0.16192265328690025,2,False,,target_available,True,False,0.21896620402276484,0.021302617112949614,480,train/images/rec_20260912_165456_001632_jpg.rf.bad906887bab81c7d3b9fafb895ee1c9.jpg,19.59030400030315,,,29065,0.8271671694461836,35138,images/79351d6a11a191e5.jpg,-3.896179484792808e-14,NORMAL,59.42401000356767,False,0.16166961971781768,2,False,,target_available,True,False,0.21889718849039064,0.022000474335849937,train,640
True,0,,0,1.2690194557425334,NORMAL,63.28591299825348,False,0.16074801873907155,2,False,,target_available,True,False,0.21972192534759866,0.011057826257645845,480,train/images/rec_20260912_165456_001640_jpg.rf.16ac8b52268a44d762185a519114022f.jpg,17.675376002443954,,,28274,0.8214887558835493,34418,images/28972317af4fa97d.jpg,2.5444437451708134e-14,NORMAL,60.90110500372248,False,0.15993673355546442,2,False,,target_available,True,False,0.21980600057493574,0.009236996874057797,train,640
True,0,,0,3.379339349054987e-14,NORMAL,63.36100199405337,False,0.16009502126378936,2,False,,target_available,True,False,0.21992967374229735,0.005562248430863327,480,train/images/rec_20260912_165456_001648_jpg.rf.a7d7203d285fbd0bbac3a4c27e1992b6.jpg,17.22198600327829,,,27077,0.8195217917675545,33040,images/3f5aab5790b87c4c.jpg,-3.438974749332428e-14,NORMAL,61.16062599903671,False,0.1612382500163978,2,False,,target_available,True,False,0.2199162104961588,0.006071273425663504,train,640
True,0,,0,-3.339582415536693e-14,NORMAL,63.58434899448184,False,0.15784646860934018,2,False,,target_available,True,False,0.21995354455643965,0.004520866848109074,480,train/images/rec_20260912_165456_001656_jpg.rf.7b2a30a552862fbae692f0be9079a06a.jpg,17.436804999306332,,,27193,0.7982445840427406,34066,images/bac9d0161883cf45.jpg,-3.598002483405603e-14,NORMAL,61.09170000127051,False,0.16101029077503248,2,False,,target_available,True,False,0.21994247303313072,0.005030760983246901,train,640
True,0,,0,-1.987846675914698e-14,NORMAL,63.644899004430044,False,0.1578764165754322,2,False,,target_available,True,False,0.21999279357147844,0.0017806674638635054,480,train/images/rec_20260912_165456_001696_jpg.rf.03c078f3d746598bf2988657d1313165.jpg,17.77388099435484,,,27090,0.7625186477890056,35527,images/f1697b6dac73cee8.jpg,-3.349521648916266e-14,NORMAL,63.31469400174683,False,0.15892088602999857,2,False,,target_available,True,False,0.2199901230684571,0.0020846468106358556,train,640
True,0,,0,3.260068548500105e-14,NORMAL,63.75283699890133,False,0.15806066819078665,2,False,,target_available,True,False,0.21998973860246385,0.0021248316685402954,480,train/images/rec_20260912_165456_001720_jpg.rf.3c8ab0c2395ea88f04b4f82c070ab398.jpg,17.40638200135436,,,31311,0.850080091222545,36833,images/f212412deaef25ef.jpg,1.769183541564081e-14,NORMAL,63.70374000107404,False,0.15908081127762938,2,False,,target_available,True,False,0.21998635280976425,0.0024504239343306413,train,640
True,0,,0,-1.7244569913560006e-14,NORMAL,63.48418899870012,False,0.15735378440495904,2,False,,target_available,True,False,0.21998798086717125,0.0022996247487600593,480,train/images/rec_20260912_165456_001728_jpg.rf.37e90998ea7540238b250ff7e8d35561.jpg,17.526314004499,,,32210,0.8470965705869977,38024,images/b5296e0dad8f4956.jpg,-1.7791227749436546e-14,NORMAL,63.80871500005014,False,0.15999779699523198,2,False,,target_available,True,False,0.21998846262273195,0.0022530674394861485,train,640
True,0,,0,-3.260068548500105e-14,NORMAL,62.97921400255291,False,0.15876142469119753,2,False,,target_available,True,False,0.2199867873493711,0.0024110976136522346,480,train/images/rec_20260912_165456_001752_jpg.rf.2466c49021e96255b0a6867155897746.jpg,17.33550000062678,,,30990,0.8487388053569961,36513,images/f9a946142a2e8454.jpg,-3.284295429862815e-14,NORMAL,72.66126500326209,False,0.1621936184541339,2,False,,target_available,True,False,0.2199669995620615,0.003810394161244619,train,640
True,0,,0,-4.897942070168937,NORMAL,62.69252999481978,False,0.16212588001306003,2,False,,target_available,True,False,0.2199316039068239,0.005485399071344952,480,train/images/rec_20260912_165456_001768_jpg.rf.e1de02710b8fad903e9ad9df57a00b2a.jpg,17.656912001257297,,,32453,0.8439214666493304,38455,images/84fd899e1c61c216.jpg,-6.5459379735241505,NORMAL,62.0260759969824,False,0.16401862028917188,2,False,,target_available,True,False,0.21992073896013417,0.0059049619159250956,train,640
True,0,,0,-6.961812986875105,NORMAL,63.758573996892665,False,0.16748632202452926,2,False,,target_available,True,False,0.21997416672097997,0.0033713462311845076,480,train/images/rec_20260912_165456_001776_jpg.rf.453ce7604a121ff8e946f56cb10c3705.jpg,18.424886002321728,,,29341,0.8061821678802034,36395,images/46b182f6f3c9bd1f.jpg,-8.175653791382297,NORMAL,62.084584998956416,False,0.16850557563424828,2,False,,target_available,True,False,0.21995488182951162,0.004455329321785624,train,640
True,0,,0,-9.167563770587847,NORMAL,62.9350279996288,False,0.16722316162787554,2,False,,target_available,True,False,0.21995331409260038,0.004532065719060453,480,train/images/rec_20260912_165456_001784_jpg.rf.27f8be4cb4723294c78459adefe68aa0.jpg,17.38861799822189,,,30612,0.8315314825881458,36814,images/c198ab0628d9d67f.jpg,-10.375760115852845,NORMAL,62.08150600286899,False,0.16825820741584765,2,False,,target_available,True,False,0.21994904549840447,0.004734700026484909,train,640
True,0,,0,-8.901242760844658,NORMAL,64.78745699860156,False,0.16854692649337505,2,False,,target_available,True,False,0.21995929133748612,0.004232039025209793,480,train/images/rec_20260912_165456_001792_jpg.rf.6c781bed17d6c713c7b19cecf264f378.jpg,17.812854996009264,,,28786,0.8002557615857219,35971,images/527042e9ed4b96dc.jpg,-10.901538982740803,NORMAL,62.73429000430042,False,0.16910785517917998,2,False,,target_available,True,False,0.21995675364299483,0.004361940718864275,train,640
True,0,,0,-13.869946289555058,NORMAL,63.033790996996686,False,0.16682648911816786,2,False,,target_available,True,False,0.21994035259176162,0.005122626456377104,480,train/images/rec_20260912_165456_001800_jpg.rf.04111f764155fcad85e1177347e6f2db.jpg,18.831284003681503,,,29528,0.8240448748360449,35833,images/03846ab04532b4e7.jpg,-12.542994348541441,NORMAL,65.29818900162354,False,0.16918078250848775,2,False,,target_available,True,False,0.21995549939494174,0.004424735689482602,train,640
True,0,,0,-20.160186739810246,NORMAL,62.470693999785,False,0.16220844776611235,2,False,,target_available,True,False,0.21979648077817743,0.00946081590182769,480,train/images/rec_20260912_165456_001816_jpg.rf.4eb3491fec4a0edd878674a52b2126bd.jpg,17.607574998692144,,,28168,0.8200291120815139,34350,images/c1880c6d751ce2ac.jpg,-17.897290971813174,NORMAL,70.41148799908115,False,0.16748898126078812,2,False,,target_available,True,False,0.21990232674216523,0.006554898426520596,train,640
True,0,,0,-34.1364821729775,NORMAL,64.74613699538168,False,0.16785772996809453,2,False,,target_available,True,False,0.21976828182846786,0.010094667015960408,480,train/images/rec_20260912_165456_001840_jpg.rf.e2463d437bb5e82a40594e4549506eb1.jpg,17.682783996860962,,,26928,0.8005946187007581,33635,images/3c11eaa37b57a2fa.jpg,-19.82748208225558,NORMAL,65.04702600068413,False,0.16677534032673197,2,False,,target_available,True,False,0.2197770865970988,0.009901121496645345,train,640
True,0,,0,-24.520345810455645,NORMAL,66.03242800338194,False,0.1695326274015637,2,False,,target_available,True,False,0.21984031415382274,0.008380708367943515,480,train/images/rec_20260912_165456_001848_jpg.rf.7c6e199fdf901107369c140ba6cfc057.jpg,20.135361002758145,,,28577,0.8372985643129212,34130,images/35417d64e7c648ff.jpg,-20.817959439505213,NORMAL,65.12120700062951,False,0.16677352080161495,2,False,,target_available,True,False,0.21986366776092403,0.007743874915958519,train,640
True,0,,0,-26.206275509582845,NORMAL,76.83548999921186,False,0.1715701922993671,2,False,,target_available,True,False,0.21986348980768952,0.0077489257051548,480,train/images/rec_20260912_165456_001856_jpg.rf.e28b45856d1ce013e06de6df2e9309e8.jpg,17.90249199984828,,,27490,0.8305386869693948,33099,images/cbf9e206f6fb5ccd.jpg,-20.35754835379785,NORMAL,66.23028500325745,False,0.16904264340290165,2,False,,target_available,True,False,0.2199246954229625,0.005755722640743499,train,640
True,0,,0,-33.4340590742974,NORMAL,77.40859700425062,False,0.17161339081098503,2,False,,target_available,True,False,0.2199466290566689,0.004845654404523506,480,train/images/rec_20260912_165456_001864_jpg.rf.33894fea3878db7cf9822f56f0f62f12.jpg,17.686579005385283,,,23683,0.7625656051775768,31057,images/892a8a0bad916791.jpg,-27.30639568737843,NORMAL,75.82484900194686,False,0.17090539378078526,2,False,,target_available,True,False,0.21996309666512334,0.004029405103683729,train,640
True,0,,0,-29.46888031532356,NORMAL,72.86242300324375,False,0.16757038461323137,2,False,,target_available,True,False,0.2198210147096171,-0.008872513287355803,480,train/images/rec_20260912_165456_001880_jpg.rf.5b2a121adf87ee0f470cb69349743628.jpg,17.407624000043143,,,21587,0.8268980311039608,26106,images/1330faf95b67c332.jpg,-32.82400775340702,NORMAL,73.38763599545928,False,0.16629646516732768,2,False,,target_available,True,False,0.21982772233757897,-0.008704739621165419,train,640
True,0,,0,-27.623107972094378,NORMAL,69.09794000239344,False,0.1604436196564935,2,False,,target_available,True,False,0.2195319351842532,-0.014343271393125127,480,train/images/rec_20260912_165456_001888_jpg.rf.72c5fa309773649ef3c170d8ae94f389.jpg,17.654327006312087,,,17431,0.7701926475786497,22632,images/b1613eab5c2bae20.jpg,-27.809303465884582,NORMAL,68.11762200231897,False,0.16294703925384324,2,False,,target_available,True,False,0.21956989338196195,-0.013749978917578709,train,640
True,0,,0,-33.89560528792906,NORMAL,86.554523993982,True,0.154,1,False,,target_available,True,False,0.21891425686849805,-0.0218299825861877,480,train/images/rec_20260912_165456_001904_jpg.rf.bd2e15f9f0d0f03a003c5fb872aa0f5d.jpg,17.49677499901736,,,18642,0.8041583987576568,23182,images/6565ac43480b61f4.jpg,-43.95428515574626,NORMAL,86.81437699851813,True,0.154,1,False,,target_available,True,False,0.21885417722120054,-0.02242429737653666,train,640
True,0,,0,-37.89090069949085,NORMAL,87.05588299926603,True,0.154,1,False,,target_available,True,False,0.21808394940072315,-0.028972245577152497,480,train/images/rec_20260912_165456_001912_jpg.rf.904243170393b84dd7ce2e3475adfe71.jpg,17.205550000653602,,,20456,0.9228964583803293,22165,images/ea7b37b9d432213c.jpg,-37.85728696998658,NORMAL,86.47705500334268,True,0.154,1,False,,target_available,True,False,0.2180960359233785,-0.02888112038180626,train,640
True,0,,0,-29.539159234978353,NORMAL,78.55488399945898,True,0.154,1,False,,target_available,True,False,0.2123649578366978,-0.05745541474062795,480,train/images/rec_20260912_165456_001952_jpg.rf.b936d342817ae745e48dd63b14d58fe5.jpg,18.108976000803523,,,22022,0.8443370907139023,26082,images/50a31caa4104fa04.jpg,-39.851042923173125,NORMAL,79.72631300071953,True,0.154,1,False,,target_available,True,False,0.21300583251602714,-0.05503194812246968,train,640
True,0,,0,-36.82707078666339,NORMAL,79.66127899999265,True,0.154,1,False,,target_available,True,False,0.20822717320438408,-0.07100312908112867,480,train/images/rec_20260912_165456_001960_jpg.rf.aadcfdb32aee7187e199d47b3185d30e.jpg,17.4849259929033,,,26120,0.9019337016574586,28960,images/0b2e8ec0f56301e4.jpg,-41.449882601364145,NORMAL,79.22468800097704,True,0.154,1,False,,target_available,True,False,0.20888206172074925,-0.06905276454486886,train,640
True,0,,0,-36.627881652266545,NORMAL,79.24875200114911,True,0.154,1,False,,target_available,True,False,0.20170215249017212,-0.08784214068903005,480,train/images/rec_20260912_165456_001968_jpg.rf.922bd0493f2f708c614001be991e97bb.jpg,16.951064993918408,,,26490,0.8392472436953491,31564,images/fd422ebb31db5b86.jpg,-38.7443731842825,NORMAL,79.75546600209782,True,0.154,1,False,,target_available,True,False,0.20058307295345773,-0.09036830663760301,train,640
True,0,,0,-26.913444513327402,NORMAL,79.5110350009054,True,0.154,1,False,,target_available,True,False,0.19379491544100147,-0.1041322752522727,480,train/images/rec_20260912_165456_001984_jpg.rf.eb2cbb34001c922ed67cc30a41cbd48a.jpg,17.762358002073597,,,27480,0.8561014361818126,32099,images/5dae0c6632c16253.jpg,-39.42726381533481,NORMAL,79.00755399896298,True,0.154,1,False,,target_available,True,False,0.1922693190735926,-0.10692291121633864,train,640
True,0,,0,-28.99467041912353,NORMAL,79.37796600162983,True,0.154,1,False,,target_available,True,False,0.1980120666480739,-0.09587085825087177,480,train/images/rec_20260912_165456_002000_jpg.rf.23a43f379698e8033e15014b982553f8.jpg,17.978611002035905,,,24706,0.9057447666532243,27277,images/4b0f658918f57041.jpg,-34.51886060986451,NORMAL,79.8977919985191,True,0.154,1,False,,target_available,True,False,0.19817321401831683,-0.0955373081348349,train,640
True,0,,0,-32.94874613940257,NORMAL,79.44412899814779,True,0.154,1,False,,target_available,True,False,0.18486584124831626,-0.11926701446566158,480,train/images/rec_20260912_165456_002024_jpg.rf.3119c7e8835e03f62b5a31c5778bd74e.jpg,16.81689299584832,,,24004,0.7640449438202247,31417,images/2babb0036d7ac979.jpg,-34.190183399756314,NORMAL,79.45446400117362,True,0.154,1,False,,target_available,True,False,0.1862933114639393,-0.11702479268855687,train,640
True,0,,0,-25.700215124282792,NORMAL,79.6172599948477,True,0.154,1,False,,target_available,True,False,0.1620313350072141,-0.133386933704572,480,train/images/rec_20260912_165456_002032_jpg.rf.b75747f6d931c6ff05d9aa1f7de60ca9.jpg,17.07369399809977,,,27384,0.7727734507280731,35436,images/af1a200024dc275a.jpg,-30.788693846202975,NORMAL,79.09682400349993,True,0.154,1,False,,target_available,True,False,0.16716101804966235,-0.13320521523427525,train,640
True,0,,0,-28.5407310573119,NORMAL,79.42006600205787,True,0.154,1,False,,target_available,True,False,0.16657144030457105,-0.13648779145660359,480,train/images/rec_20260912_165456_002056_jpg.rf.e1b356d2b5c9659ae81afca4c60bb2ae.jpg,14.369724005518947,,,25870,0.8491711800426719,30465,images/8e4c9f0f33d97326.jpg,-25.447788036518716,NORMAL,95.38366900233086,True,0.154,1,False,,target_available,True,False,0.16979955114775558,-0.1371243457755551,train,640
True,0,,0,-29.784728188185856,NORMAL,86.15948100487003,True,0.154,1,False,,target_available,True,False,0.17016912486110636,-0.13576588238289394,480,train/images/rec_20260912_165456_002064_jpg.rf.e603d9d6e5866ffeb752b4f39cf75f3f.jpg,15.300291001040023,,,23486,0.7768075676390819,30234,images/59f1016e4ad9b895.jpg,-25.469719091482062,NORMAL,78.91281999764033,True,0.154,1,False,,target_available,True,False,0.17254282445380306,-0.13648799848156645,train,640
True,0,,0,-9.445474440747759,NORMAL,72.9932770045707,True,0.154,1,False,,target_available,True,False,0.14885796247970737,-0.13734148862354661,480,train/images/rec_20260912_165456_002080_jpg.rf.fc250efb3082ca0e2f96953fe00985fd.jpg,15.719308001280297,,,25991,0.8484640746906931,30633,images/066cc6cc6b3891c2.jpg,-13.595836577325882,NORMAL,72.83096600440331,True,0.154,1,False,,target_available,True,False,0.15014941708011276,-0.13638655037832526,train,640
True,0,,0,-15.92605893162281,NORMAL,75.61321499815676,True,0.154,1,False,,target_available,True,False,0.16029297094417183,-0.14216126826725703,480,train/images/rec_20260912_165456_002096_jpg.rf.491a3e34019a6bc4760d1bea69d195e3.jpg,18.19111299846554,,,29387,0.9111965520448978,32251,images/23476d7f05bc3e5d.jpg,-14.89955796195342,NORMAL,74.67629399616271,True,0.154,1,False,,target_available,True,False,0.16094590195281017,-0.14268825404689067,train,640
True,0,,0,-19.975037859733227,NORMAL,75.22434600105044,True,0.154,1,False,,target_available,True,False,0.15421866254689348,-0.13297885140829213,480,train/images/rec_20260912_165456_002104_jpg.rf.e2fd69a74afebac096b261c0bda5300c.jpg,15.133077999053057,,,26855,0.8308068308377676,32324,images/537df1b44481248b.jpg,-17.405810761431916,NORMAL,76.8872780026868,True,0.154,1,False,,target_available,True,False,0.16648738331698895,-0.14381220809187928,train,640
True,0,,0,-17.453192590072785,NORMAL,76.7816480001784,True,0.154,1,False,,target_available,True,False,0.16674809972990495,-0.14200678612021028,480,train/images/rec_20260912_165456_002112_jpg.rf.e7de661ce1e91eec71028a4c033273ee.jpg,17.21353999892017,,,27833,0.8705702042475993,31971,images/1097939c811cc0a0.jpg,-14.791661697710683,NORMAL,78.96329899813281,True,0.154,1,False,,target_available,True,False,0.17057574267823547,-0.13893853320720068,train,640
True,0,,0,-15.019690902788515,NORMAL,78.46724800037919,True,0.154,1,False,,target_available,True,False,0.1726833175987765,-0.13631020439820377,480,train/images/rec_20260912_165456_002120_jpg.rf.c669e0e521195cae9ba044622944e7ce.jpg,18.442277003487106,,,28481,0.872258973416636,32652,images/ab38c90c0452b094.jpg,-16.90254691633732,NORMAL,78.96927899855655,True,0.154,1,False,,target_available,True,False,0.17420416436322655,-0.13436111460727743,train,640
True,0,,0,-16.615995526379784,NORMAL,78.82235199940624,True,0.154,1,False,,target_available,True,False,0.17586095178524483,-0.13218519447043908,480,train/images/rec_20260912_165456_002128_jpg.rf.66c4a8f75dbbbc1966e64127d1a88e16.jpg,17.473401996539906,,,28545,0.905644214600717,31519,images/002e69371b5cabc5.jpg,-17.869141788010687,NORMAL,80.72502199502196,True,0.154,1,False,,target_available,True,False,0.17837736483836422,-0.12876923434315007,train,640
True,0,,0,-20.96526599183618,NORMAL,86.29126000596443,True,0.154,1,False,,target_available,True,False,0.18270029895540005,-0.12255856053988005,480,train/images/rec_20260912_165456_002136_jpg.rf.db61bbc6491d78620ca4569fb30c19a6.jpg,17.121503995440435,,,23235,0.7852314971274079,29590,images/9073f9a4abf690e9.jpg,-20.89889810388121,NORMAL,79.40443699772004,True,0.154,1,False,,target_available,True,False,0.18277940700164316,-0.1224405503749786,train,640
True,0,,0,-19.33588812118952,NORMAL,78.73783700051717,True,0.154,1,False,,target_available,True,False,0.18370833069729123,-0.12104234479063385,480,train/images/rec_20260912_165456_002144_jpg.rf.42b850d8c191eb0f66790ab871f68902.jpg,17.014593999192584,,,25456,0.8599128466709455,29603,images/d14bd2296975f47b.jpg,-25.727333902599778,NORMAL,79.58989000326255,True,0.154,1,False,,target_available,True,False,0.1861775854964998,-0.11720881647168661,train,640
True,0,,0,-30.96837629723932,NORMAL,85.8565240050666,True,0.154,1,False,,target_available,True,False,0.190365061612405,-0.11027757395456816,480,train/images/rec_20260912_165456_002152_jpg.rf.53bc48186bee383bc84b783af31947be.jpg,17.09613000275567,,,22074,0.8158332409358022,27057,images/7463d46e46fb5a95.jpg,-29.782400649676628,NORMAL,79.32247000280768,True,0.154,1,False,,target_available,True,False,0.19101215067837077,-0.10915291243582727,train,640
True,0,,0,0.0,UNKNOWN,55.6055289998767,True,0.154,1,False,,target_available,True,False,0.3155109195491529,-0.057581156595480444,480,train/images/rec_20260912_165456_002176_jpg.rf.550fd4b0133787fde485567bb0fa239f.jpg,17.7806799983955,,,27331,0.858116169544741,31850,images/19ca50c4d041f6fd.jpg,-24.64355040125937,NORMAL,78.63454399921466,True,0.154,1,False,,target_available,True,False,0.1785200926382149,-0.12857128965847384,train,640
True,0,,0,-25.87776997114816,NORMAL,79.1953799998737,True,0.154,1,False,,target_available,True,False,0.18348690636515863,-0.12137773763150929,480,train/images/rec_20260912_165456_002208_jpg.rf.77e0deda7bdf35c47a89d0b76cd00039.jpg,20.069655001861975,,,24994,0.8751706992541756,28559,images/42ca8e5de382b71d.jpg,-21.60789318595356,NORMAL,79.11236400104826,True,0.154,1,False,,target_available,True,False,0.18364140048088193,-0.121143865009419,train,640
True,0,,0,-20.901622847395455,NORMAL,85.69114500278374,True,0.154,1,False,,target_available,True,False,0.19107638997909526,-0.10904041999440715,480,train/images/rec_20260912_165456_002224_jpg.rf.6114c86e2805c521036a6effb6dc3c77.jpg,18.238803000713233,,,24401,0.8650689545148368,28207,images/5f4519431b661168.jpg,-29.115513829384735,NORMAL,79.34915400255704,True,0.154,1,False,,target_available,True,False,0.19197625816257916,-0.1074482028788512,train,640
True,0,,0,-26.360409763846818,NORMAL,78.89395799429622,True,0.154,1,False,,target_available,True,False,0.20807781852394994,-0.07143963492567805,480,train/images/rec_20260912_165456_002264_jpg.rf.91f8904b5eca373503b409ca93eb65d2.jpg,17.11536700167926,,,20999,0.8952506821282401,23456,images/22afa06a44ee9d1a.jpg,-31.02097382272396,NORMAL,79.49842699599685,True,0.154,1,False,,target_available,True,False,0.20920334817042524,-0.0680731893940913,train,640
True,0,,0,-30.40547554647428,NORMAL,86.31059299659682,True,0.154,1,False,,target_available,True,False,0.21067463731637273,-0.06337347387996667,480,train/images/rec_20260912_165456_002272_jpg.rf.8c819b23cf11ba001a186a574dde7090.jpg,17.95901700097602,,,18248,0.8314954889273671,21946,images/469811d8ab7a2480.jpg,-31.92454968912671,NORMAL,86.85277299809968,True,0.154,1,False,,target_available,True,False,0.2113301377345866,-0.06115204726810599,train,640
True,0,,0,-23.85868016174484,NORMAL,66.46383000042988,False,0.15286302133148522,2,False,,target_available,True,False,0.21869835605892643,-0.023896214284338562,480,train/images/rec_20260912_165456_002312_jpg.rf.b541a73388d768eb8945d802a596e17a.jpg,18.097396998200566,,,14834,0.7644815501958359,19404,images/5cb4483bea8d5884.jpg,-26.12874533274199,NORMAL,65.97792899992783,False,0.15315868432956398,2,False,,target_available,True,False,0.21884902475167767,-0.022474527030386392,train,640
True,0,,0,,NO_OBSERVATION,25.792866996198427,,,2,False,,"no unambiguous left/right boundary pair (projected=1, fitted=1; side association ambiguous)",False,False,,,480,train/images/rec_20260912_165456_002344_jpg.rf.2526751c80b468eae06b017958bee667.jpg,17.485456002759747,,,27830,0.7401792600867044,37599,images/d7d40278b971d792.jpg,,NO_OBSERVATION,45.25869499775581,,,2,False,,"no unambiguous left/right boundary pair (projected=1, fitted=1; side association ambiguous)",False,False,,,train,640
True,0,,0,,NO_OBSERVATION,44.73907799547305,,,2,False,,"no unambiguous left/right boundary pair (projected=1, fitted=1; side association ambiguous)",False,False,,,480,train/images/rec_20260912_165456_002536_jpg.rf.3469033d53acd10894313ca708ba92b1.jpg,19.331247996888123,,,20483,0.7286989932050233,28109,images/ba97b3f86b17d639.jpg,-33.109656342464156,NORMAL,78.1148829992162,True,0.154,1,False,,target_available,True,False,0.20727580277784205,-0.0737342632892004,train,640
True,0,,0,,NO_OBSERVATION,11.453191000327934,,,1,False,,initial boundary=None; lane width requires real pair,False,False,,,480,train/images/rec_20260912_165456_002632_jpg.rf.c5104da7ca7361d38e87d6e12044d2a2.jpg,17.04653700289782,,,27789,0.7558136372290369,36767,images/bb1aeee6cbd09758.jpg,,NO_OBSERVATION,11.37768400076311,,,1,False,,initial boundary=None; lane width requires real pair,False,False,,,train,640
True,0,,0,-26.731242880970548,NORMAL,48.706381996453274,True,0.154,1,False,,target_available,True,False,0.16622417017354935,-0.03295725914234626,480,train/images/rec_20260912_165456_002640_jpg.rf.a2e9a84f806479bf66234f4469bdc0a1.jpg,16.275977999612223,,,25734,0.7614510592969582,33796,images/e50d4096a2902bbe.jpg,,NO_OBSERVATION,10.910585995588917,,,1,False,,initial boundary=None; lane width requires real pair,False,False,,,train,640
True,0,,0,,NO_OBSERVATION,10.866470998735167,,,1,False,,initial boundary=None; lane width requires real pair,False,False,,,480,train/images/rec_20260912_165456_002648_jpg.rf.d4ffcfbaada1902dd1a7ef6ae182e2ec.jpg,15.998452996427659,,,28118,0.8048661800486618,34935,images/e6775258cbde6531.jpg,,NO_OBSERVATION,10.969055001623929,,,1,False,,initial boundary=None; lane width requires real pair,False,False,,,train,640
True,0,,0,,NO_OBSERVATION,10.766040999442339,,,1,False,,initial boundary=None; lane width requires real pair,False,False,,,480,train/images/rec_20260912_165456_002656_jpg.rf.b39fe7b0dab2e2b79b6b45b442946200.jpg,18.09407900145743,,,25242,0.7677941355396034,32876,images/e3f00f7f4785898a.jpg,,NO_OBSERVATION,10.25247399957152,,,1,False,,initial boundary=None; lane width requires real pair,False,False,,,train,640
True,0,,0,,NO_OBSERVATION,10.310960999049712,,,1,False,,initial boundary=None; lane width requires real pair,False,False,,,480,train/images/rec_20260912_165456_002664_jpg.rf.9a720a15505a85a6778722bc28a05a04.jpg,17.481528004282154,,,23667,0.7919357537226033,29885,images/ca83b0c46461ad18.jpg,,NO_OBSERVATION,9.847977002209518,,,1,False,,initial boundary=None; lane width requires real pair,False,False,,,train,640
True,0,,0,,NO_OBSERVATION,30.217269995773677,,,2,False,,"no unambiguous left/right boundary pair (projected=1, fitted=1; side association ambiguous)",False,False,,,480,train/images/rec_20260912_165456_002672_jpg.rf.d77ba09e49b9076a17e14e169a3ff734.jpg,16.283107004710473,,,19956,0.6133513646422425,32536,images/edfcdc3687f4c780.jpg,,NO_OBSERVATION,9.624133999750484,,,1,False,,initial boundary=None; lane width requires real pair,False,False,,,train,640
True,0,,0,,NO_OBSERVATION,29.895724001107737,,,2,False,,"no unambiguous left/right boundary pair (projected=1, fitted=1; side association ambiguous)",False,False,,,480,train/images/rec_20260912_165456_002680_jpg.rf.20d922c8d47bfbcc91e0dba7f07315c6.jpg,18.153201002860442,,,21302,0.6535157688059885,32596,images/65eca2c528317038.jpg,,NO_OBSERVATION,9.382295000250451,,,1,False,,initial boundary=None; lane width requires real pair,False,False,,,train,640
True,0,,0,,NO_OBSERVATION,27.268885001831222,,,2,False,,"no unambiguous left/right boundary pair (projected=1, fitted=1; side association ambiguous)",False,False,,,480,train/images/rec_20260912_165456_002696_jpg.rf.e7a86b2bfd063173dac31fac50ffcffc.jpg,17.30336499895202,,,19247,0.6353193596303021,30295,images/25d165aed3e2368d.jpg,,NO_OBSERVATION,8.392541996727232,,,1,False,,initial boundary=None; lane width requires real pair,False,False,,,train,640
True,0,,0,,NO_OBSERVATION,36.560054002620745,,,2,False,,"no unambiguous left/right boundary pair (projected=2, fitted=2; side association ambiguous)",False,False,,,480,train/images/rec_20260912_165456_002704_jpg.rf.9003bedab7d68ac0b0519e121fe90643.jpg,17.184113006806,,,18844,0.6604051307212448,28534,images/3aa06c03d28f4d6a.jpg,,NO_OBSERVATION,13.181598995288368,,,1,False,,initial boundary overlaps robot reference,False,False,,,train,640
True,0,,0,-1.90833280887811e-14,NORMAL,69.31545599945821,False,0.15585754132026097,2,False,,target_available,True,False,0.21941415183199092,0.016044624515645204,480,train/images/rec_20260912_165456_003992_jpg.rf.36bd1eedf2809a18f0739d47fe33ba9f.jpg,18.01946100022178,,,16440,0.7095381959430298,23170,images/f2bb971fd56579b4.jpg,-2.8624992133171654e-14,NORMAL,69.25900500209536,False,0.15836641664344292,2,False,,target_available,True,False,0.2195030170960009,0.014779224802158552,train,640
True,0,,0,,NO_OBSERVATION,57.92074499913724,,,2,False,,"no unambiguous left/right boundary pair (projected=2, fitted=2; side association ambiguous)",False,False,,,480,train/images/rec_20260912_165456_004096_jpg.rf.facc74ec25e16b54d1bfe863942ab716.jpg,17.799156994442455,,,29721,0.8597587433827997,34569,images/db731cd49df9bd6a.jpg,,NO_OBSERVATION,57.94305499875918,,,2,False,,"no unambiguous left/right boundary pair (projected=2, fitted=2; side association ambiguous)",False,False,,,train,640
True,0,,0,,NO_OBSERVATION,55.13759099994786,,,2,False,,"no unambiguous left/right boundary pair (projected=2, fitted=2; side association ambiguous)",False,False,,,480,train/images/rec_20260912_165456_004112_jpg.rf.0ea758aa98c2356e0c13db3507adec41.jpg,17.444675002479926,,,30487,0.8461090142095915,36032,images/64b29be82a3b147a.jpg,,NO_OBSERVATION,52.76822800078662,,,2,False,,"no unambiguous left/right boundary pair (projected=2, fitted=2; side association ambiguous)",False,False,,,train,640
True,0,,0,,NO_OBSERVATION,52.89728999923682,,,2,False,,"no unambiguous left/right boundary pair (projected=2, fitted=2; side association ambiguous)",False,False,,,480,train/images/rec_20260912_165456_004128_jpg.rf.ae9f69be6093ad328318b712e93c8cd8.jpg,17.4860240003909,,,29532,0.8431691648822269,35025,images/c2a9e20ea15b1a36.jpg,,NO_OBSERVATION,51.591872004792094,,,2,False,,"no unambiguous left/right boundary pair (projected=2, fitted=2; side association ambiguous)",False,False,,,train,640
True,0,,0,,NO_OBSERVATION,51.40779700013809,,,2,False,,"no unambiguous left/right boundary pair (projected=2, fitted=2; side association ambiguous)",False,False,,,480,train/images/rec_20260912_165456_004136_jpg.rf.c320c60944ea55a3913492f7ca2ab1a0.jpg,18.759896003757603,,,28566,0.8277360841470836,34511,images/d9462e65ba04510e.jpg,46.734770047041984,NORMAL,55.07503400440328,True,0.154,1,False,,target_available,True,False,0.21950220704151513,0.014791250924239784,train,640
True,0,,0,,NO_OBSERVATION,50.13450000114972,,,2,False,,"no unambiguous left/right boundary pair (projected=2, fitted=2; side association ambiguous)",False,False,,,480,train/images/rec_20260912_165456_004144_jpg.rf.fa3a5c58c3da761d96a9971b0d8e602f.jpg,17.12466099706944,,,28377,0.8214265037920454,34546,images/64d4d4e89efdd61e.jpg,47.086300582935685,NORMAL,55.38784200325608,True,0.154,1,False,,target_available,True,False,0.21995361800456378,0.004517291965594853,train,640
True,0,,0,,NO_OBSERVATION,35.17372199712554,,,2,False,,"no unambiguous left/right boundary pair (projected=1, fitted=1; side association ambiguous)",False,False,,,480,train/images/rec_20260912_165456_004176_jpg.rf.c22e3ea74f01ba1766430d07b5109222.jpg,17.47057200554991,,,22697,0.8136291941496989,27896,images/e74a9c28303d7395.jpg,48.76992057572861,NORMAL,57.621533997007646,True,0.154,1,False,,target_available,True,False,0.2196392545639656,-0.012593564014428892,train,640
True,0,,0,,NO_OBSERVATION,45.59724199498305,,,2,False,,"no unambiguous left/right boundary pair (projected=2, fitted=2; side association ambiguous)",False,False,,,480,train/images/rec_20260912_165456_004192_jpg.rf.fc5ff6bb16c74e5f8442fdfb2a3ba191.jpg,17.292120995989535,,,25099,0.8022694582068084,31285,images/a88fe7bf74efee79.jpg,46.02142678765713,NORMAL,55.289873998844996,True,0.154,1,False,,target_available,True,False,0.21991550692277909,-0.00609670524932162,train,640
True,0,,0,,NO_OBSERVATION,45.36716500297189,,,2,False,,"no unambiguous left/right boundary pair (projected=2, fitted=2; side association ambiguous)",False,False,,,480,train/images/rec_20260912_165456_004200_jpg.rf.4a067a46170419146921f4792a27f726.jpg,17.252851997909602,,,28597,0.8531070075475076,33521,images/49a8d7db9913f364.jpg,47.12132652930933,NORMAL,55.312126998614985,True,0.154,1,False,,target_available,True,False,0.21997139732138676,0.003547444217545854,train,640
True,0,,0,,NO_OBSERVATION,51.616533994092606,,,2,False,,"no unambiguous left/right boundary pair (projected=2, fitted=2; side association ambiguous)",False,False,,,480,train/images/rec_20260912_165456_004208_jpg.rf.7690d2cb3a02a332abcf120244ce4418.jpg,18.842511999537237,,,29287,0.8381363935552185,34943,images/d14a81a1cf236a56.jpg,48.832451573816705,NORMAL,55.815646999690216,True,0.154,1,False,,target_available,True,False,0.2196682927748322,0.01207647089967082,train,640
True,0,,0,,NO_OBSERVATION,53.80515399883734,,,2,False,,"no unambiguous left/right boundary pair (projected=2, fitted=2; side association ambiguous)",False,False,,,480,train/images/rec_20260912_165456_004232_jpg.rf.62c26dd23833fbd41f30cbeb33f83c17.jpg,17.50729500054149,,,29321,0.8517109161680125,34426,images/ddab0319be4ca24c.jpg,,NO_OBSERVATION,52.88601700158324,,,2,False,,"no unambiguous left/right boundary pair (projected=2, fitted=2; side association ambiguous)",False,False,,,train,640
True,0,,0,,NO_OBSERVATION,54.11864200141281,,,2,False,,"no unambiguous left/right boundary pair (projected=2, fitted=2; side association ambiguous)",False,False,,,480,train/images/rec_20260912_165456_004240_jpg.rf.d2cfc7861efba3ecaf7d30659a6e6323.jpg,25.381968000147026,,,32783,0.8142821659215101,40260,images/17df8245f5b591ec.jpg,,NO_OBSERVATION,46.06717499700608,,,2,False,,"no unambiguous left/right boundary pair (projected=2, fitted=2; side association ambiguous)",False,False,,,train,640
True,0,,0,,NO_OBSERVATION,56.06560800515581,,,2,False,,"no unambiguous left/right boundary pair (projected=2, fitted=2; side association ambiguous)",False,False,,,480,train/images/rec_20260912_165456_004248_jpg.rf.7dc73d5bd2bea5b2a1b500f48f26b47c.jpg,19.18369500344852,,,29177,0.8270593571064119,35278,images/5803b6ac32c769a0.jpg,,NO_OBSERVATION,56.866972998250276,,,2,False,,"no unambiguous left/right boundary pair (projected=2, fitted=2; side association ambiguous)",False,False,,,train,640
True,0,,0,33.14479081142971,NORMAL,66.7203810007777,False,0.16102558418589757,2,False,,target_available,True,False,0.2197490909628423,-0.010504143039984952,480,train/images/rec_20260912_165456_004336_jpg.rf.d1e7c7f50342375dbc284028089f218b.jpg,17.49019100680016,,,27824,0.819485759726681,33953,images/9195a95776d30dec.jpg,35.069441585435776,NORMAL,65.60217899823328,False,0.1612824168235219,2,False,,target_available,True,False,0.21971652546275142,-0.011164606512372473,train,640
True,0,,0,4.770832022195275e-14,NORMAL,69.82203999359626,False,0.15949532608407196,2,False,,target_available,True,False,0.21963407487646058,0.012683578089849178,480,train/images/rec_20260912_165456_004360_jpg.rf.0ec7da569f757cb4fd7decd3c1cf870a.jpg,19.16926199919544,,,20590,0.8445793510808483,24379,images/c8001cfc5e721a1b.jpg,2.8624992133171654e-14,NORMAL,69.798743003048,False,0.15937159312167012,2,False,,target_available,True,False,0.21960500227368612,0.013177366063607185,train,640
True,0,,0,1.5902773407317584e-14,NORMAL,67.99369399959687,False,0.15454378422182571,2,False,,target_available,True,False,0.219363569387605,0.016721974331082606,480,train/images/rec_20260912_165456_004368_jpg.rf.abb8216073802fecd39d3b42131f1ec5.jpg,17.75750099477591,,,17583,0.800282190159756,21971,images/c734ad0db150976b.jpg,-3.180554681463517e-14,NORMAL,68.10538600257132,False,0.15532021743330132,2,False,,target_available,True,False,0.2192868776935896,0.01769930143809831,train,640
True,0,,0,26.375020775072944,S_BEND,86.63352199801011,True,0.154,1,False,,target_available,True,False,0.21822418983032252,0.027896289590183275,480,train/images/rec_20260912_165456_004376_jpg.rf.554675152225004ef843dfba1a475d8a.jpg,17.505404000985436,,,16504,0.8025285679552638,20565,images/cc5b1a2901833ff2.jpg,57.030657372707964,S_BEND,87.14616900397232,True,0.154,1,False,,target_available,True,False,0.21824242418010403,0.027753275266021123,train,640
True,0,,0,7.934478070771438,NORMAL,68.66893800179241,True,0.154,1,False,,target_available,True,False,0.16735135529164066,0.14280589582384565,480,train/images/rec_20260912_165456_004456_jpg.rf.898e3766b4e0248ea27a269721cc66d2.jpg,17.352210001263302,,,25027,0.91176363437648,27449,images/3906545c0cf63166.jpg,,NO_OBSERVATION,35.271094006020576,,,1,False,,visible boundary identity ambiguous,False,False,,,train,640
True,0,,0,11.367384109407466,NORMAL,68.52002799860202,True,0.154,1,False,,target_available,True,False,0.16757049965833948,0.1425486851719596,480,train/images/rec_20260912_165456_004464_jpg.rf.6bbebbffdbfda3eaf5dd7362a3254693.jpg,17.585050998604856,,,26356,0.9318013081138412,28285,images/cbf130ad880d6eeb.jpg,-0.16933897994967811,NORMAL,49.91714900097577,True,0.154,1,False,,target_available,True,False,0.2946100971575966,0.043428046427851696,train,640
True,0,,0,0.0,UNKNOWN,51.244588001281954,True,0.154,1,False,,target_available,True,False,0.2325221140125632,-0.03644403992288692,480,train/images/rec_20260912_165456_004472_jpg.rf.8fe74680e542801252af328e5893bb87.jpg,17.65178500500042,,,24367,0.8519632180692983,28601,images/4b1da624fd1e9a91.jpg,22.55076981998779,NORMAL,66.38348100386793,True,0.154,1,False,,target_available,True,False,0.17355231877878546,0.13520204379559808,train,640
True,0,,0,0.0,UNKNOWN,50.974270001461264,True,0.154,1,False,,target_available,True,False,0.32747469334656093,0.06254250834896875,480,train/images/rec_20260912_165456_004480_jpg.rf.7c67020a8b87cd47de52bed4b65991d7.jpg,18.27623700228287,,,28627,0.9188868203119984,31154,images/87bfe5d9d90322db.jpg,0.0,UNKNOWN,51.37898399698315,True,0.154,1,False,,target_available,True,False,0.32523575925414244,0.05882127131661876,train,640
True,0,,0,22.81328601507781,NORMAL,69.87298899912275,True,0.154,1,False,,target_available,True,False,0.18385912010284677,0.1208131779029381,480,train/images/rec_20260912_165456_004488_jpg.rf.1d0bbbb09adec99c1cf95390acc69758.jpg,17.50434200221207,,,28216,0.9424496476168208,29939,images/0c477493b89c4bb2.jpg,0.0,UNKNOWN,51.39986400172347,True,0.154,1,False,,target_available,True,False,0.3357871319913479,0.06193007975068839,train,640
True,0,,0,,NO_OBSERVATION,27.130889997351915,,,1,False,,initial boundary overlaps robot reference,False,False,,,480,train/images/rec_20260912_165456_004496_jpg.rf.64443309044c14f293b2e5605e14ffc1.jpg,17.771572995116003,,,27747,0.9198103825498906,30166,images/2e3e7e59935ec7bd.jpg,22.060580839750617,NORMAL,72.79714800097281,True,0.154,1,False,,target_available,True,False,0.1900468551883488,0.11082505507789647,train,640
True,0,,0,27.301590801119268,NORMAL,83.43749300547643,True,0.154,1,False,,target_available,True,False,0.20172667729663113,0.08778580561150441,480,train/images/rec_20260912_165456_004520_jpg.rf.7336dce215ab3fb0c8b9cf864377246f.jpg,18.72782599821221,,,26950,0.8860468174644923,30416,images/1fc190c7bacb4a24.jpg,25.879902144868396,S_BEND,83.88364900019951,True,0.154,1,False,,target_available,True,False,0.2015510777752033,0.08818822510774295,train,640
True,0,,0,18.4792071958608,NORMAL,59.40440099948319,True,0.154,1,False,,target_available,True,False,0.2056037217009967,0.078275855937186,480,train/images/rec_20260912_165456_004528_jpg.rf.1398ae591257ca55fd33c720e7e8ba99.jpg,19.09276400692761,,,27325,0.8997662089630873,30369,images/94c10a611beac49f.jpg,24.89121147655127,NORMAL,85.54639299836708,True,0.154,1,False,,target_available,True,False,0.20437313752418437,0.08143476320663566,train,640
True,0,,0,23.139793197708862,NORMAL,61.737548996461555,True,0.154,1,False,,target_available,True,False,0.20713800915514782,0.07412047735438498,480,train/images/rec_20260912_165456_004536_jpg.rf.a7b7fc12d57a75afa4904fb83199e99e.jpg,18.612988002132624,,,26249,0.9043894707828004,29024,images/6ab0435fc950bee6.jpg,17.71500040143738,NORMAL,61.76999199669808,True,0.154,1,False,,target_available,True,False,0.20714250655511393,0.0741079076621691,train,640
True,0,,0,25.88821306550911,S_BEND,86.15629700216232,True,0.154,1,False,,target_available,True,False,0.20882777369702826,0.06921676771377554,480,train/images/rec_20260912_165456_004544_jpg.rf.dc67de0d3379798f48a5337dd580b2b3.jpg,20.30224299960537,,,26667,0.8905623831151482,29944,images/3011fe1539e3866c.jpg,23.97190699144496,NORMAL,87.53751299809664,True,0.154,1,False,,target_available,True,False,0.20961613957199723,0.06679127211644477,train,640
True,0,,0,25.641181316398075,NORMAL,86.60661899921251,True,0.154,1,False,,target_available,True,False,0.20997322942017155,0.06566005579394525,480,train/images/rec_20260912_165456_004552_jpg.rf.882157a7dcc210f95214fb860e706e28.jpg,17.0338099997025,,,27099,0.9308212825885344,29113,images/5b9cf80978263f88.jpg,31.418909866350287,S_BEND,86.27472600346664,True,0.154,1,False,,target_available,True,False,0.209878749596741,0.06596143166812328,train,640
True,0,,0,25.525850677249895,NORMAL,66.9285000039963,True,0.154,1,False,,target_available,True,False,0.21053445509298785,0.0638376316814673,480,train/images/rec_20260912_165456_004560_jpg.rf.3584592e5bade9e510fa8f2b72400e51.jpg,17.274165998969693,,,26150,0.894690023265362,29228,images/816a93d098e9a779.jpg,29.461305267713275,S_BEND,87.56344599532895,True,0.154,1,False,,target_available,True,False,0.20895831980988822,0.06882165779918763,train,640
True,0,,0,-8.74652537402467e-15,NORMAL,62.5967949963524,False,0.15975928754276045,2,False,,target_available,True,False,0.19934000501443203,-0.015799961028590964,480,train/images/rec_20260912_165725_001632_jpg.rf.ddcc6df8062a9e0cb302e0337be80acb.jpg,19.420651995460503,,,28555,0.8834539941835282,32322,images/272ceaad96280b79.jpg,0.0,UNKNOWN,58.441868000954855,False,0.16069053464248773,2,False,,target_available,True,False,0.19736870704545115,-0.015776271311193205,train,640
True,0,,0,0.0,UNKNOWN,61.83671900362242,False,0.18238902476339158,2,False,,target_available,True,False,0.21546545825573182,-0.011278523813120903,480,train/images/rec_20260912_165725_001648_jpg.rf.e6e1319284fa49ded2d23a303783accd.jpg,17.45739699981641,,,22633,0.8958951826782251,25263,images/5ee3a593f399dc63.jpg,,NO_OBSERVATION,42.68280999531271,,,2,False,,"no unambiguous left/right boundary pair (projected=1, fitted=1; side association ambiguous)",False,False,,,train,640
True,0,,0,,NO_OBSERVATION,41.49585399864009,,,2,False,,"no unambiguous left/right boundary pair (projected=1, fitted=1; side association ambiguous)",False,False,,,480,train/images/rec_20260912_165725_001656_jpg.rf.d5e3a291381116f00088d8f4c9e7d975.jpg,18.32891700178152,,,21069,0.8765236926405126,24037,images/eccf431611984ce3.jpg,,NO_OBSERVATION,41.44803300005151,,,2,False,,"no unambiguous left/right boundary pair (projected=1, fitted=1; side association ambiguous)",False,False,,,train,640
True,0,,0,84.21257922349676,CORNER,110.5732040014118,,,1,True,,center_path curve folds back (offset=0.077m),False,False,,,480,train/images/rec_20260912_165725_001672_jpg.rf.c697ff806fb609382293321186581c35.jpg,18.14380399446236,,,17925,0.8670729937599768,20673,images/45ac22233aa8fafa.jpg,84.71859132140825,CORNER,111.40578299819026,,,1,True,,center_path curve folds back (offset=0.077m),False,False,,,train,640
True,0,,0,85.24217283093465,CORNER,109.47671200119657,,,1,True,,center_path curve folds back (offset=0.077m),False,False,,,480,train/images/rec_20260912_165725_001680_jpg.rf.7c7780fb83996faccddba46b7955a57b.jpg,17.17928699508775,,,19095,0.9002404412804677,21211,images/230e5006b70075fc.jpg,84.41204233519018,CORNER,108.85484900063602,,,1,True,,center_path curve folds back (offset=0.077m),False,False,,,train,640
True,0,,0,8.292056575105724,NORMAL,58.23836600029608,True,0.154,1,False,,target_available,True,False,0.21967116548042392,-0.012024103146272953,480,train/images/rec_20260912_165725_001688_jpg.rf.c7df5757152ed24862433c3191f6b4e3.jpg,17.053637995559257,,,20149,0.8955111111111111,22500,images/802d3555c734b0e1.jpg,83.74712277365309,CORNER,111.05946700263303,,,1,True,,center_path curve folds back (offset=0.077m),False,False,,,train,640
True,0,,0,4.790884036931697,NORMAL,58.27329900057521,True,0.154,1,False,,target_available,True,False,0.21966765855590445,-0.012088001677968804,480,train/images/rec_20260912_165725_001696_jpg.rf.fba6c8dd2b1505d1037d2eb67ad460ea.jpg,23.537701003078837,,,23873,0.8880002975747656,26884,images/1da6ac6b525bfe5d.jpg,9.710176041135625,NORMAL,57.9161479981849,True,0.154,1,False,,target_available,True,False,0.2197083933984791,-0.01132350962639831,train,640
True,0,,0,0.0,UNKNOWN,55.779650996555574,True,0.154,1,False,,target_available,True,False,0.21963284556646487,-0.012704847436210382,480,train/images/rec_20260912_165725_001704_jpg.rf.2f2ca8fe8dd8d7546d8624249d7d61f8.jpg,15.2379569990444,,,23876,0.8569377646974373,27862,images/536b0072e3c0d44c.jpg,0.0,UNKNOWN,56.21748599514831,True,0.154,1,False,,target_available,True,False,0.21968823663596934,-0.011708060632672473,train,640
True,0,,0,31.186685753529257,NORMAL,77.57369599858066,True,0.154,1,False,,target_available,True,False,0.1562739425574807,0.11837074471628153,480,train/images/rec_20260912_165725_001720_jpg.rf.d15d30a8191cf423b2c32f0d2d6b7539.jpg,16.605570999672636,,,20570,0.8899753385540605,23113,images/a4a4b6b5dcfa0d78.jpg,31.568286426269857,NORMAL,85.7335510008852,True,0.154,1,False,,target_available,True,False,0.1509502256791394,0.1074509617484172,train,640
True,0,,0,-22.446323167085662,NORMAL,77.10191699879942,True,0.154,1,False,,target_available,True,False,0.16630881202350445,0.14369083966029234,480,train/images/rec_20260912_165725_001736_jpg.rf.df05baf5726f281c86b2a8a3550395c2.jpg,16.314713000610936,,,18765,0.8421973879089808,22281,images/314ccde96d5c24c4.jpg,6.614818629258063,NORMAL,77.02496700221673,True,0.154,1,False,,target_available,True,False,0.16520211392404655,0.12505482575129617,train,640
True,0,,0,1.9595710465130434,NORMAL,77.29428399761673,True,0.154,1,False,,target_available,True,False,0.17122149301606152,0.1334154236199175,480,train/images/rec_20260912_165725_001744_jpg.rf.4281f6cce8d49cd9a65fa19a548f4c63.jpg,17.45209599903319,,,19494,0.8798519588373352,22156,images/4bac6af4572c2b53.jpg,8.207436791607924,NORMAL,77.085139004339,True,0.154,1,False,,target_available,True,False,0.1715476050944176,0.13054635162349726,train,640
True,0,,0,-12.170044553803667,NORMAL,77.3262149959919,True,0.154,1,False,,target_available,True,False,0.17717407469623303,0.13041988826683468,480,train/images/rec_20260912_165725_001752_jpg.rf.23d2539a15daeda127047d4198e55545.jpg,15.753491003124509,,,19599,0.9006065618968845,21762,images/0bf6d900cc25d91c.jpg,6.438170367657233,NORMAL,77.11074100370752,True,0.154,1,False,,target_available,True,False,0.17581065886201863,0.13225207835986136,train,640
True,0,,0,2.1452650611213664,NORMAL,77.73724800063064,True,0.154,1,False,,target_available,True,False,0.1813413937627675,0.12456042271996712,480,train/images/rec_20260912_165725_001760_jpg.rf.ce1e83ea8b166744558062b91a746454.jpg,15.421170006447937,,,19120,0.8945866279885837,21373,images/ef0e8ccdc6d91e97.jpg,5.101925382466361,NORMAL,77.42657500057248,True,0.154,1,False,,target_available,True,False,0.18233058029974064,0.1231079180538759,train,640
True,0,,0,-18.510574061710763,NORMAL,77.42906500061508,True,0.154,1,False,,target_available,True,False,0.18555369184392456,0.11819402456592247,480,train/images/rec_20260912_165725_001768_jpg.rf.67a37e19cdd07cf22d08925c8cd814a9.jpg,20.21399899967946,,,17821,0.85219013006886,20912,images/36ae60c396fa1235.jpg,4.924147353646178,NORMAL,77.50743000360671,True,0.154,1,False,,target_available,True,False,0.1878838034541625,0.11445381775894432,train,640
True,0,,0,2.4584905141089766,S_BEND,77.60847499594092,True,0.154,1,False,,target_available,True,False,0.19329096140587154,0.10506476211743818,480,train/images/rec_20260912_165725_001776_jpg.rf.16a13927ae040632d7c92e9b03673353.jpg,19.017876002180856,,,17563,0.8743901224733646,20086,images/a71baebf79da9d95.jpg,2.6417754092968257,S_BEND,77.4793070013402,True,0.154,1,False,,target_available,True,False,0.19337699886692628,0.10490632158845711,train,640
True,0,,0,2.285506916077864,NORMAL,77.17474400124047,True,0.154,1,False,,target_available,True,False,0.1952544130283722,0.10136919745635668,480,train/images/rec_20260912_165725_001784_jpg.rf.77a1e76a6d9977387f96489f4e3321c0.jpg,16.435650999483187,,,17250,0.859320514097838,20074,images/5c000313648ceab2.jpg,-5.630476594243125,NORMAL,77.59115700173425,True,0.154,1,False,,target_available,True,False,0.195764769175345,0.10038005354513359,train,640
True,0,,0,2.2035013963376633,NORMAL,77.95963500393555,True,0.154,1,False,,target_available,True,False,0.20728288436843717,0.0737143530657436,480,train/images/rec_20260912_165725_001808_jpg.rf.7ef252c17e721192c5f0fa251ccf0353.jpg,16.397801002312917,,,15914,0.8500614283425031,18721,images/c306bfe9f3ea18dc.jpg,6.000216632372039,S_BEND,77.19032999739284,True,0.154,1,False,,target_available,True,False,0.20664470872828744,0.07548486175784684,train,640
True,0,,0,-13.536736631220933,S_BEND,78.84434599691303,True,0.154,1,False,,target_available,True,False,0.21211360599290047,0.058376520559969794,480,train/images/rec_20260912_165725_001824_jpg.rf.edb7b837f999bc85b2f694c9f5851678.jpg,16.235699004027992,,,14523,0.797660240566815,18207,images/b2c91e905a9fff03.jpg,8.458018420270069,S_BEND,77.91603600344388,True,0.154,1,False,,target_available,True,False,0.21122239389809036,0.06152316893626303,train,640
True,0,,0,-7.66830171515242,S_BEND,83.66745300008915,True,0.154,1,False,,target_available,True,False,0.21465622091897482,0.04819446877790318,480,train/images/rec_20260912_165725_001832_jpg.rf.3ff02ca56d2f921df159700d5133aedd.jpg,22.618765993684065,,,13622,0.7632655348237799,17847,images/cb3d19f57a5ae753.jpg,3.2924043388067945,S_BEND,77.60362199769588,True,0.154,1,False,,target_available,True,False,0.21377386923783262,0.05196857541905529,train,640
True,0,,0,-5.959130711652252,S_BEND,83.8891870007501,True,0.154,1,False,,target_available,True,False,0.21777687801551263,0.031196656901285577,480,train/images/rec_20260912_165725_001848_jpg.rf.64d5adc71457015dec9a25310379dc47.jpg,17.261526998481713,,,14269,0.82001034423309,17401,images/ffc61fc0ab83cb10.jpg,11.480014999623684,S_BEND,77.17622699419735,True,0.154,1,False,,target_available,True,False,0.21727771351921443,0.034502104397589835,train,640
True,0,0.0,5357,6.382033884816263,S_BEND,84.83363900450058,True,0.154,1,False,,target_available,True,False,0.2186223342967397,0.024582004528609817,480,train/images/rec_20260912_165725_001856_jpg.rf.c6ec3fa8c186247e74c41319b349c934.jpg,17.417452996596694,,,14019,0.775644572313821,18074,images/309a890dea897255.jpg,-5.02629943571768,S_BEND,82.31564900052035,True,0.154,1,False,,target_available,True,False,0.21854358801722726,0.025272517416285226,train,640
True,5958,0.8872673119880864,6715,2.5403763458011572,S_BEND,80.71093799662776,True,0.154,1,False,,target_available,True,False,0.21962718393390118,0.012802346553048216,480,train/images/rec_20260912_165725_001864_jpg.rf.8f37dfeaeb4b39740bb4aadd7beca325.jpg,18.863822995626833,,,14909,0.8087772594119562,18434,images/565fe95a4a78d1eb.jpg,1.0239926209040646,S_BEND,74.822946000495,True,0.154,1,False,,target_available,True,False,0.2194342467696531,0.01576741401229079,train,640
True,0,0.0,7115,4.471106914574063,S_BEND,79.60105100210058,True,0.154,1,False,,target_available,True,False,0.2198370934029446,0.008464771948788731,480,train/images/rec_20260912_165725_001872_jpg.rf.68f6e37343e3d1fb535fb9f5f73e0328.jpg,18.56090199726168,,,14101,0.7881175944556226,17892,images/560e80db24ecd442.jpg,2.1447949251494913,S_BEND,78.91237099829596,True,0.154,1,False,,target_available,True,False,0.21981687289769328,0.008974541184893589,train,640
True,9377,0.8829566854990584,10620,3.57148892817502,S_BEND,74.79790400248021,True,0.154,1,False,,target_available,True,False,0.2197377805143956,-0.010738147633893785,480,train/images/rec_20260912_165725_001888_jpg.rf.152e9a9e438c802b8415e48d610cb0b5.jpg,17.81373599806102,,,13788,0.8716100891333207,15819,images/058396aeb5b72a98.jpg,2.6289977870051575,S_BEND,73.0103189998772,True,0.154,1,False,,target_available,True,False,0.2197600933128741,-0.010271386815657427,train,640
True,10310,0.9097326391952705,11333,-3.318915507478034,NORMAL,72.6340719993459,True,0.154,1,False,,target_available,True,False,0.21972362928360503,-0.011023916474688205,480,train/images/rec_20260912_165725_001896_jpg.rf.8c1e04e625f3b686923f601e927cfb69.jpg,17.58501899894327,,,13781,0.876877067956223,15716,images/fb3380d43a6a5f93.jpg,1.940491059702257,S_BEND,73.29619999654824,True,0.154,1,False,,target_available,True,False,0.21955314861838496,-0.01401481115653607,train,640
True,12602,0.8531582154221109,14771,-4.030148042439602,NORMAL,66.53736999578541,True,0.154,1,False,,target_available,True,False,0.21615622501750537,-0.040944918929967246,480,train/images/rec_20260912_165725_001920_jpg.rf.fa090f51da5f27653a74675f71f3fe74.jpg,18.213116003607865,,,9665,0.5135221295361564,18821,images/96994ea63bbdf5fc.jpg,3.180554681463517e-14,NORMAL,64.6799509995617,False,0.19885526526908276,2,False,,target_available,True,False,0.21977458417773807,-0.009956512918804663,train,640
True,11916,0.8080835480808355,14746,-6.997220299219736e-14,NORMAL,60.70703599834815,False,0.2006008247554331,2,False,,target_available,True,False,0.24489890176509843,-0.0028541160781907216,480,train/images/rec_20260912_165725_001928_jpg.rf.767a5c77b53719bbc88c9a167b7aa38e.jpg,16.543904996069614,,,24315,0.8938680979339755,27202,images/1424dc2dacd9ebf8.jpg,-7.63333123551244e-14,NORMAL,60.67249199986691,False,0.19957466738800045,2,False,,target_available,True,False,0.2463753244228641,-0.0033142348858865023,train,640
True,12043,0.8134963523372062,14804,-9.54166404439055e-14,NORMAL,59.2022389973863,False,0.20083614343644746,2,False,,target_available,True,False,0.24809150316750916,-0.006451906246404522,480,train/images/rec_20260912_165725_001936_jpg.rf.16e7a1ef74f6331611147707b4a0d71b.jpg,18.682134003029205,,,28925,0.8296999598416614,34862,images/f3ff9d209ce76578.jpg,-8.905553108097847e-14,NORMAL,59.40844600263517,False,0.20311465983818802,2,False,,target_available,True,False,0.25344462061645867,-0.006279325194208589,train,640
True,16530,0.7933384526780572,20836,-8.905553108097847e-14,NORMAL,63.69507800263818,False,0.19611173982642424,2,False,,target_available,True,False,0.2366868317241979,-0.005920600140316715,480,train/images/rec_20260912_165725_001960_jpg.rf.74a68fb146bdea4ac5448deb21e0c5c1.jpg,18.076541004120372,,,30443,0.8509811595013138,35774,images/3f6a7f446e8f053a.jpg,-8.269442171805144e-14,NORMAL,61.87621500430396,False,0.19844447752001132,2,False,,target_available,True,False,0.23990516641505882,-0.007336371168172873,train,640
True,22068,0.8156114868610711,27057,-7.63333123551244e-14,NORMAL,62.02809200476622,False,0.1927621563235225,2,False,,target_available,True,False,0.23117370173123025,-0.003794558577100031,480,train/images/rec_20260912_165725_001968_jpg.rf.c2bfcfd12ec8f08118e0f2994ab99186.jpg,18.526715000916738,,,25184,0.6588703136854773,38223,images/cd634f6af911f4ec.jpg,-8.905553108097847e-14,NORMAL,62.41814699751558,False,0.1941593708753365,2,False,,target_available,True,False,0.23066734606479136,-0.002781163511132216,train,640
True,26560,0.8274401071684476,32099,8.905553108097847e-14,NORMAL,64.16464799985988,False,0.19104133552409314,2,False,,target_available,True,False,0.222646332205028,-0.0015922098182898081,480,train/images/rec_20260912_165725_001984_jpg.rf.c52efaab59dda5176a5d58852480de04.jpg,18.221038997580763,,,19467,0.721989392871713,26963,images/afcd273f23303be1.jpg,8.269442171805144e-14,NORMAL,63.010293000843376,False,0.19357180049730707,2,False,,target_available,True,False,0.2237902067492591,-0.0009662964852517053,train,640
True,26623,0.8333228997120321,31948,6.043053894780682e-14,NORMAL,63.27922499622218,False,0.1962903512373348,2,False,,target_available,True,False,0.22909774890823992,-0.002320768357347361,480,train/images/rec_20260912_165725_001992_jpg.rf.64cfd887802f8de04b2ac4913a6238ef.jpg,16.68521600367967,,,21322,0.7978297474275023,26725,images/990d6ab08891eb42.jpg,8.905553108097847e-14,NORMAL,59.66681000427343,False,0.19618971830203477,2,False,,target_available,True,False,0.21996125006554168,-0.004128979244830072,train,640
True,27510,0.7453466634154271,36909,8.587497639951495e-14,NORMAL,59.11630999617046,False,0.19945061903803554,2,False,,target_available,True,False,0.23464515769216276,-0.006716454418762348,480,train/images/rec_20260912_165725_002000_jpg.rf.c5303c954e82512c3f7513eb99958d59.jpg,16.793480994238053,,,30744,0.6092505251476359,50462,images/011db9754a4b3536.jpg,6.043053894780682e-14,NORMAL,61.46181499934755,False,0.2031778858142567,2,False,,target_available,True,False,0.23763118913247605,-0.006709456660899317,train,640
True,27398,0.7567463057588731,36205,-7.315275767366088e-14,NORMAL,58.16548300208524,False,0.17449163488032704,2,False,,target_available,True,False,0.21906556770017968,0.0005261206538521232,480,train/images/rec_20260912_165725_002008_jpg.rf.869b70b107d5d93367ff0ebb9f4e07bc.jpg,16.40913799928967,,,32041,0.5687381294708629,56337,images/f1246ea9a9f01f82.jpg,-6.043053894780682e-14,NORMAL,59.661917002813425,False,0.20521957176202807,2,False,,target_available,True,False,0.24322545717355404,-0.010297309777675984,train,640
True,27165,0.7243034262098387,37505,-5.088887490341627e-14,NORMAL,55.23588100186316,False,0.20602658936049004,2,False,,target_available,True,False,0.2550490154733578,-0.013896831297801344,480,train/images/rec_20260912_165725_002016_jpg.rf.e04d9b3ff73732e7c966cda6e6e97a44.jpg,16.568361003010068,,,33502,0.6453240874506405,51915,images/833ec638acdca9b5.jpg,6.679164831073386e-14,NORMAL,57.940691003750544,False,0.20167107996150713,2,False,,target_available,True,False,0.23273504714450471,-0.01503765252327146,train,640
True,43627,0.8125419056842733,53692,5.406942958487979e-14,NORMAL,49.14017800183501,False,0.1981889193029942,2,False,,target_available,True,False,0.24668465827023717,-0.018255273598562362,480,train/images/rec_20260912_165725_002040_jpg.rf.465bb8020a1969f97e9797043fc46842.jpg,16.760026002884842,,,32613,0.6399474117970252,50962,images/28dd2524e4e937e0.jpg,-5.088887490341627e-14,NORMAL,48.34685800597072,False,0.20329465763160173,2,False,,target_available,True,False,0.23760014032213794,-0.019919579710776264,train,640
True,57778,0.8474332648870636,68180,-5.724998426634331e-14,NORMAL,59.019820000685286,False,0.19363399085518257,2,False,,target_available,True,False,0.219751658345545,-0.010450294463930821,480,train/images/rec_20260912_165725_002048_jpg.rf.586c47b9b9f7ba13e7d2531132fdd0e9.jpg,17.460192000726238,,,32353,0.6968874528809909,46425,images/2cd7327f3e70bbcc.jpg,-5.724998426634331e-14,NORMAL,48.86499200074468,False,0.20009945134874982,2,False,,target_available,True,False,0.22333478612354984,-0.015321118419004374,train,640
True,68516,0.9026665261382799,75904,1.0177774980683254e-13,NORMAL,54.34155200055102,False,0.1887473130704558,2,False,,target_available,True,False,0.21990345011786291,0.006517102597057176,480,train/images/rec_20260912_165725_002072_jpg.rf.bcb04c516961e9b5dcc42972e4dcd010.jpg,15.844970002945047,,,25433,0.7256826547208035,35047,images/5e4ed2b740c9f204.jpg,-5.89220289912718,NORMAL,54.91353500110563,False,0.19336595624348266,2,False,,target_available,True,False,0.2199340538864528,0.005386273393625641,train,640
True,58742,0.869337437658167,67571,,NO_OBSERVATION,35.60998799366644,,,2,False,,"no unambiguous left/right boundary pair (projected=1, fitted=1; side association ambiguous)",False,False,,,480,train/images/rec_20260912_165725_002080_jpg.rf.6c95a80c617c1797f3a8070075f82fec.jpg,16.65545700234361,,,25052,0.6521071400681989,38417,images/dfce66247a2fbd85.jpg,-6.007823574820388,NORMAL,53.963721002219245,False,0.19002702313760172,2,False,,target_available,True,False,0.21984513976585449,0.008253152205787996,train,640
True,45413,0.8189900811541929,55450,-6.679164831073386e-14,NORMAL,58.25958700006595,False,0.1875844942891653,2,False,,target_available,True,False,0.24009868522621464,0.015170746519325581,480,train/images/rec_20260912_165725_002088_jpg.rf.f8388003078b5736d77e288e7e33c262.jpg,16.60733799508307,,,24663,0.5378944843078668,45851,images/ebad001fb00c958e.jpg,6.361109362927034e-14,NORMAL,55.04040300002089,False,0.19628060506472425,2,False,,target_available,True,False,0.23070241072155365,0.017047213019949797,train,640
True,27303,0.7262981485422431,37592,,NO_OBSERVATION,36.03668699361151,,,2,False,,"no unambiguous left/right boundary pair (projected=1, fitted=1; side association ambiguous)",False,False,,,480,train/images/rec_20260912_165725_002096_jpg.rf.1638d1236320c75d855bedf781174800.jpg,20.41814699623501,,,24014,0.6486588692904027,37021,images/e1a3560d06668e36.jpg,-7.951386703658792e-14,NORMAL,53.83531699771993,False,0.1926091626370685,2,False,,target_available,True,False,0.25214129115864137,0.02812102082133104,train,640
True,0,,0,,NO_OBSERVATION,35.10764299426228,,,2,False,,"no unambiguous left/right boundary pair (projected=1, fitted=1; side association ambiguous)",False,False,,,480,train/images/rec_20260912_165725_002104_jpg.rf.51dc1883b214b966b62d7bf24e0bfd58.jpg,18.49061599932611,,,23660,0.48563218390804597,48720,images/ed04b03ef59da5ab.jpg,-4.770832022195275e-14,NORMAL,54.04049000208033,False,0.21228096011137954,2,False,,target_available,True,False,0.324644328424071,0.060043753462729076,train,640
True,0,,0,,NO_OBSERVATION,36.39651700359536,,,2,False,,"no unambiguous left/right boundary pair (projected=1, fitted=1; side association ambiguous)",False,False,,,480,train/images/rec_20260912_165725_002112_jpg.rf.55935bb5a12e288075750dd7a5b0c01c.jpg,18.66134299780242,,,24598,0.47976438922587816,51271,images/3f18b752ecba1efb.jpg,-4.6118042881220995e-14,NORMAL,53.85766400286229,False,0.20775433029500412,2,False,,target_available,True,False,0.30988529101074025,0.05400214774224242,train,640
True,0,,0,-7.942078999933896,NORMAL,52.10239200096112,False,0.17575990495077706,2,False,,target_available,True,False,0.20727433983026783,0.006617292259580861,480,train/images/rec_20260912_165725_002136_jpg.rf.175cb614bdf5a775dedae6016cfc2531.jpg,18.57894800195936,,,23558,0.5026779046196522,46865,images/8f963674a7b10226.jpg,-4.4527765540489235e-14,NORMAL,53.861606000282336,False,0.20103494876641373,2,False,,target_available,True,False,0.2326581922331019,0.013756548477019737,train,640
True,0,,0,-8.087409554025635,NORMAL,54.89752800349379,False,0.18028966935066357,2,False,,target_available,True,False,0.21909089108582633,0.003137868249740064,480,train/images/rec_20260912_165725_002144_jpg.rf.c433b46308a44d17db6374a8b87d4ebf.jpg,18.16491800127551,,,24025,0.5099658253910976,47111,images/172f3eb8e0a1962e.jpg,-5.6553645143220805,NORMAL,56.546102998254355,False,0.194178498542716,2,False,,target_available,True,False,0.21999980272611103,0.000294619198708458,train,640
True,0,,0,3.279947015259252e-14,NORMAL,57.651392999105155,False,0.1649668551156259,2,False,,target_available,True,False,0.28544433113901513,-0.0024319303190185187,480,train/images/rec_20260912_165725_002160_jpg.rf.519e0f18598aef7d559f6ac4fe652079.jpg,18.332607003685553,,,25242,0.6005710206995003,42030,images/3bc3e04e0bdd7c9d.jpg,-4.28344398579332,NORMAL,57.93830299808178,False,0.19000799743527155,2,False,,target_available,True,False,0.219546017206432,-0.01412608681812004,train,640
True,0,,0,-2.822742279798871e-14,NORMAL,63.05612799769733,False,0.1653038503118205,2,False,,target_available,True,False,0.2196691560017612,-0.012060758743706797,480,train/images/rec_20260912_165725_002168_jpg.rf.75d4695c86fbd2f564d5d3aaff65127a.jpg,19.191528001101688,,,25794,0.5791068902808648,44541,images/c19cb317632e6ba2.jpg,-1.9779074425351246e-14,NORMAL,55.81169500510441,False,0.18799829724150283,2,False,,target_available,True,False,0.22151758739930208,-0.018601690404455175,train,640
True,0,,0,0.4641939740788557,NORMAL,53.677914998843335,True,0.154,1,False,,target_available,True,False,0.21991696913979208,-0.006043730997300457,480,train/images/rec_20260912_165725_002176_jpg.rf.5fcc142abc51c8b22637c1fe1feba602.jpg,20.210672002576757,,,21299,0.6329569093610699,33650,images/4f0bbe0592ff795e.jpg,3.478731682850722e-14,NORMAL,54.350399994291365,False,0.18363943164083438,2,False,,target_available,True,False,0.23174745381182765,-0.02162531961055183,train,640
True,0,,0,-7.700278166612256,NORMAL,46.065242000622675,True,0.154,1,False,,target_available,True,False,0.2469308781351626,-0.0048413642477554975,480,train/images/rec_20260912_165725_002184_jpg.rf.49c4772122b52ca227443593c0524a9f.jpg,18.136620994482655,,,21052,0.6248553026030691,33691,images/a1c1a15f9b0d8244.jpg,1.7095481412866404e-14,NORMAL,53.619983002135996,False,0.1753718087944073,2,False,,target_available,True,False,0.22865334393446785,-0.018276988471658304,train,640
True,0,,0,-12.20840654312121,NORMAL,62.28999700397253,True,0.154,1,False,,target_available,True,False,0.21993355501817619,-0.005406604948289115,480,train/images/rec_20260912_165725_002192_jpg.rf.3a8a41c8c44ad12960f77b40571094a7.jpg,18.99438799591735,,,20654,0.6228025208817055,33163,images/97ad16e90e84c9c6.jpg,-8.553090226685791,NORMAL,63.05313499615295,True,0.154,1,False,,target_available,True,False,0.219981113419388,-0.0028826617502494337,train,640
True,0,,0,-13.811744726583186,NORMAL,67.59593400056474,True,0.154,1,False,,target_available,True,False,0.21998688018821094,-0.0024026121321861884,480,train/images/rec_20260912_165725_002224_jpg.rf.adcfedcaf1f91803e0ba44f28038f20b.jpg,17.59109900012845,,,19484,0.5910869763067682,32963,images/7312454371c3c388.jpg,-29.430543651715524,NORMAL,69.29815199691802,True,0.154,1,False,,target_available,True,False,0.21999699192705807,0.001150453408856328,train,640
True,0,,0,-79.4327752144135,CORNER,85.10216500144452,True,0.154,1,True,,target_available,True,False,0.2313012849309396,-0.010149674420799837,480,train/images/rec_20260912_165725_002232_jpg.rf.c8f83eda051ba901c3c42a82a4ecc3d8.jpg,17.78323400503723,,,19382,0.5867821137719113,33031,images/adbfe5e1997b8faf.jpg,-12.959192573967988,NORMAL,67.37028500356246,True,0.154,1,False,,target_available,True,False,0.21999967045307386,-0.0003807893628996661,train,640
True,0,,0,0.14071938572629844,NORMAL,60.71320500632282,True,0.154,1,False,,target_available,True,False,0.2199370747286353,0.005261478861564991,480,train/images/rec_20260912_165725_002240_jpg.rf.e41adc3cc5c0ecf17449308b078c6f71.jpg,17.428610000933986,,,19334,0.5845149197327448,33077,images/c91ab4f476dacc84.jpg,-38.89398335438894,NORMAL,69.21333700302057,True,0.154,1,False,,target_available,True,False,0.21998433213867755,0.002625569176388799,train,640
True,0,,0,-55.458639349972536,S_BEND,62.69344599422766,True,0.154,1,False,,target_available,True,False,0.27791412102540886,-0.02486430046452593,480,train/images/rec_20260912_165725_002248_jpg.rf.aa1274c597376fd65fcb2f3020963cea.jpg,19.048788999498356,,,19184,0.40458916821326135,47416,images/d2d4acd4ebd38e80.jpg,-27.525914186085995,NORMAL,68.59151700336952,True,0.154,1,False,,target_available,True,False,0.21998200389023342,0.0028138877798016353,train,640
True,0,,0,0.1170310479044003,NORMAL,60.59395300690085,True,0.154,1,False,,target_available,True,False,0.21982535027661293,0.008764438131701668,480,train/images/rec_20260912_165725_002264_jpg.rf.7c5e1865977a86f0da8ccf0bf3ed3505.jpg,17.81316299457103,,,16845,0.4547908960825076,37039,images/32172ca90a0b851e.jpg,-26.06855362735847,NORMAL,65.8389449963579,True,0.154,1,False,,target_available,True,False,0.21963020272329165,0.01275045300080794,train,640
True,0,,0,-8.59870841959054,NORMAL,63.652886005002074,True,0.154,1,False,,target_available,True,False,0.21951683687842233,0.014572519579404303,480,train/images/rec_20260912_165725_002272_jpg.rf.ea57b9fddaaa8efb0f966193a7f7c54c.jpg,125.15660900680814,,,14510,0.37251931914456626,38951,images/e275511913df30b6.jpg,-39.870678538940815,NORMAL,63.71476999629522,True,0.154,1,False,,target_available,True,False,0.21924495610438857,0.01821123891405316,train,640
True,0,,0,-2.2184462816698867,S_BEND,65.55212899547769,True,0.154,1,False,,target_available,True,False,0.2756217494649526,0.1515734161645812,480,train/images/rec_20260912_165725_002320_jpg.rf.233e8e5c7f10b4dd8ffe47d68e23de64.jpg,17.91340900672367,,,9797,0.44578422896664693,21977,images/11435fc1441f581b.jpg,,NO_OBSERVATION,50.509215994679835,,,2,False,,"no common observed lane interval: x_overlap=-0.0943m, minimum=0.0200m; normal fallback: no common observed lane interval: normal_pairs=0, minimum=3, runs=0",False,False,,,train,640
True,0,,0,-1.0177774980683254e-13,NORMAL,55.861225999251474,False,0.22852235815836494,2,False,,target_available,True,False,0.313873835112278,-0.026041188218160136,480,train/images/rec_20260912_165725_002336_jpg.rf.fa6207c27d9814bdb6fa01e89ea1cd81.jpg,18.024582997895777,,,19651,0.5850775597701492,33587,images/351147fc29411596.jpg,7.63333123551244e-14,NORMAL,52.43994299962651,False,0.2316629949435769,2,False,,target_available,True,False,0.32741238534046624,-0.04228163912128326,train,640
True,0,,0,,NO_OBSERVATION,31.271795996872243,,,2,False,,"no unambiguous left/right boundary pair (projected=1, fitted=1; side association ambiguous)",False,False,,,480,train/images/rec_20260912_165725_002352_jpg.rf.b513201f223b7a43af352e8cc13b1b3a.jpg,18.59260800119955,,,26880,0.5506165758531689,48818,images/6e62a5bf04fdcb71.jpg,-7.63333123551244e-14,NORMAL,60.978654997597914,False,0.2318990060835407,2,False,,target_available,True,False,0.31920835991941787,-0.014961850464499438,train,640
True,0,,0,-1.1449996853268662e-13,NORMAL,49.929570996027905,False,0.20694086732623543,2,False,,target_available,True,False,0.33319306652847225,-0.04021782991404284,480,train/images/rec_20260912_165725_002368_jpg.rf.0f82f128eef52f49d05843b0badd0117.jpg,18.171624004025944,,,26885,0.5247696752029981,51232,images/bd8986f8f265b8cf.jpg,1.1449996853268662e-13,NORMAL,54.090034995169844,False,0.23154355233720159,2,False,,target_available,True,False,0.29497219853129375,-0.009097534483747415,train,640
True,0,,0,-9.54166404439055e-14,NORMAL,52.46755400003167,False,0.21760697955314998,2,False,,target_available,True,False,0.2907779893911112,-0.01559842843834923,480,train/images/rec_20260912_165725_002376_jpg.rf.a96087c002e078a5d140f9d509987f09.jpg,19.327670001075603,,,25093,0.6470770262255344,38779,images/d9e4a2e19fef21b3.jpg,8.905553108097847e-14,NORMAL,54.20448800578015,False,0.22923568947495987,2,False,,target_available,True,False,0.2787471392049726,-0.011111685842452167,train,640
True,0,,0,7.63333123551244e-14,NORMAL,54.2659709972213,False,0.2295541037084065,2,False,,target_available,True,False,0.24489838067560113,0.0083224426541339,480,train/images/rec_20260912_165725_002384_jpg.rf.a2b102b0df72d9fd3f9b7fcc0cec82df.jpg,21.73060699715279,,,18522,0.4948304880981005,37431,images/959ab46b0cc7e052.jpg,-1.2722218725854067e-13,NORMAL,54.633569001453,False,0.23018588486609468,2,False,,target_available,True,False,0.24131225331409778,0.0026485430636880025,train,640
True,0,,0,-2.0718341646962823,S_BEND,74.64514599996619,True,0.154,1,False,,target_available,True,False,0.21038442886555173,0.06433033569720899,480,train/images/rec_20260912_165725_002400_jpg.rf.554b29ad7b8b7c9c02b07ac18bea1f67.jpg,17.761221999535337,,,12788,0.596455223880597,21440,images/1ba96d2be25432da.jpg,-8.099989908592708,S_BEND,77.29930800269358,True,0.154,1,False,,target_available,True,False,0.2147011243121107,0.04799403316158776,train,640
True,0,,0,-2.395241442098337,S_BEND,77.31120399694191,True,0.154,1,False,,target_available,True,False,0.21994987616967193,0.004695952826208846,480,train/images/rec_20260912_165725_002408_jpg.rf.ba5db7ac11730af148ed22f76bb5c6f4.jpg,17.579782994289417,,,14092,0.6116319444444445,23040,images/d43c998646da6fdc.jpg,-15.140855674806692,S_BEND,78.30254099826561,True,0.154,1,False,,target_available,True,False,0.21996313835431416,0.004027128669517053,train,640
True,0,,0,-1.821772887901899,S_BEND,77.33618000202114,True,0.154,1,False,,target_available,True,False,0.21996973003800904,0.0036493652880219647,480,train/images/rec_20260912_165725_002416_jpg.rf.65804910ba9adc429167492ba5cffb90.jpg,19.20192499528639,,,12725,0.706983721317851,17999,images/ac4ae08ce634989a.jpg,-7.252592970294261,S_BEND,76.86138699500589,True,0.154,1,False,,target_available,True,False,0.2197230741502192,-0.011034975576650606,train,640
True,0,,0,-1.8672298449492946,S_BEND,77.34391700068954,True,0.154,1,False,,target_available,True,False,0.21914564593967853,-0.01936971516778347,480,train/images/rec_20260912_165725_002424_jpg.rf.32d2055c839b3e04369dab828ad23c2a.jpg,17.41859200410545,,,14635,0.593952922077922,24640,images/265a9225ce588346.jpg,-9.829571220092667,S_BEND,77.21269100147765,True,0.154,1,False,,target_available,True,False,0.21953795720454392,-0.014250801607483111,train,640
True,0,,0,-1.8181584940150646,S_BEND,72.25966499390779,True,0.154,1,False,,target_available,True,False,0.21932132756077533,-0.017267173392859846,480,train/images/rec_20260912_165725_002448_jpg.rf.19adeabd49638a1fa91479aa304e7f4d.jpg,17.750369996065274,,,13864,0.36716101694915254,37760,images/a911d148405a8476.jpg,-1.305418728687927,S_BEND,79.6003350042156,True,0.154,1,False,,target_available,True,False,0.2199472876204581,0.004815669050452139,train,640
True,0,,0,-2.094627057723026,S_BEND,75.97719100158429,True,0.154,1,False,,target_available,True,False,0.2189502144955939,0.021466335791965573,480,train/images/rec_20260912_165725_002464_jpg.rf.91cf677aeca10fbb9b5e8bdd9a8af733.jpg,17.491893006081227,,,12666,0.8621018241219711,14692,images/519bd612322d296f.jpg,0.2974958961743076,S_BEND,76.19827000598889,True,0.154,1,False,,target_available,True,False,0.21916945557487746,0.019098422526790268,train,640
True,0,,0,-1.741171556151937,S_BEND,60.898966003151145,True,0.154,1,False,,target_available,True,False,0.21595364447431173,0.04200027902600853,480,train/images/rec_20260912_165725_002488_jpg.rf.cb1867a4aff6469c672c3296941d5e69.jpg,18.623793999722693,,,10695,0.6963797369449147,15358,images/7ef25f3b812c4332.jpg,-0.5943053518707323,S_BEND,69.66923100117128,True,0.154,1,False,,target_available,True,False,0.21506829236697886,0.04632094146659477,train,640
True,0,,0,-1.588806703245463,S_BEND,67.66265999613097,True,0.154,1,False,,target_available,True,False,0.21411005416621154,0.05056564747871782,480,train/images/rec_20260912_165725_002496_jpg.rf.995e4f252d84c1a2beef975a44bd75bc.jpg,18.072027000016533,,,10121,0.6787606465025819,14911,images/793b1377c835d0ea.jpg,,NO_OBSERVATION,39.474475001043174,,,2,False,,"no unambiguous left/right boundary pair (projected=1, fitted=1; side association ambiguous)",False,False,,,train,640
True,0,,0,-18.280809974473296,NORMAL,70.34484800533392,True,0.154,1,False,,target_available,True,False,0.21407927844965938,0.05069578422781523,480,train/images/rec_20260912_165725_002504_jpg.rf.457ad7e623d3c763438ea706e5ed1c77.jpg,18.179558996052947,,,9543,0.4697282929710573,20316,images/d99edd37d41fee89.jpg,-6.997220299219736e-14,NORMAL,63.55983200046467,False,0.2125005025896895,2,False,,target_available,True,False,0.219258057573689,0.01805281665039782,train,640
True,0,,0,-6.361109362927034e-14,NORMAL,59.08946199633647,False,0.20491627500353202,2,False,,target_available,True,False,0.2503432100593665,0.004650617898645196,480,train/images/rec_20260912_165725_002528_jpg.rf.140b6066b2f53ca07a67febf06ca006f.jpg,18.098489999829326,,,17937,0.587635958589962,30524,images/80be620942897b8d.jpg,-6.997220299219736e-14,NORMAL,59.16777400125284,False,0.21386138533347074,2,False,,target_available,True,False,0.25231793386584456,0.002555666074100446,train,640
True,0,,0,2.2612224025249925,NORMAL,64.01234600343741,True,0.154,1,False,,target_available,True,False,0.21817135036015634,0.02830656959127878,480,train/images/rec_20260912_165725_002544_jpg.rf.18b151d5f137031c286c8644002c1985.jpg,18.95250599773135,,,8515,0.619678334910123,13741,images/7fe70f868cd60ce5.jpg,2.8618394704202657,S_BEND,64.04709799971897,True,0.154,1,False,,target_available,True,False,0.21707721183405906,0.03574190960694526,train,640
True,0,,0,-13.057491581309526,NORMAL,67.17929300066317,True,0.154,1,False,,target_available,True,False,0.21991375317019235,0.006159640135568735,480,train/images/rec_20260912_165725_002560_jpg.rf.1abd74a9850ec2a4a92433c064b07b38.jpg,17.786453005101066,,,9312,0.5840441545408931,15944,images/5e1fab34b4ca00e1.jpg,-5.274806921033567,S_BEND,67.44031800189987,True,0.154,1,False,,target_available,True,False,0.2197595791363116,0.010282381914284194,train,640
True,0,,0,-28.903637107010773,NORMAL,69.75545999739552,True,0.154,1,False,,target_available,True,False,0.21975061524799702,-0.010472205981873248,480,train/images/rec_20260912_165725_002568_jpg.rf.ae62731b8dc05e6ab72f381a54276391.jpg,17.75611800258048,,,10370,0.6861642294713161,15113,images/4aab5a39bec0b4cd.jpg,-14.953050782261178,NORMAL,56.31261000235099,True,0.154,1,False,,target_available,True,False,0.21985466322054245,-0.007995439961744082,train,640
True,0,,0,-27.33295055975194,NORMAL,63.924330002919305,True,0.154,1,False,,target_available,True,False,0.21969958474870907,-0.011493148447870824,480,train/images/rec_20260912_165725_002576_jpg.rf.d1ac95c117a7cf1c3f21c18d194e0f97.jpg,19.84114499646239,,,10649,0.5589146066236288,19053,images/f3622b241803b9b8.jpg,-13.64795229058504,NORMAL,69.39392300409963,True,0.154,1,False,,target_available,True,False,0.2197165532720499,-0.011164059219229387,train,640
True,0,,0,-22.512272203524752,NORMAL,62.812774995109066,True,0.154,1,False,,target_available,True,False,0.21986286461685978,-0.007766644221823079,480,train/images/rec_20260912_165725_002584_jpg.rf.32cb0a64d30d1c8a5d04c4f5746aece5.jpg,17.205417003424373,,,10203,0.5971555659604354,17086,images/a4df5958a8cc5ffc.jpg,-14.278395716141034,NORMAL,55.548946002090815,True,0.154,1,False,,target_available,True,False,0.21992521294131875,-0.0057359142876788225,train,640
True,0,,0,-28.988220602889978,NORMAL,61.99442600336624,True,0.154,1,False,,target_available,True,False,0.21997359754255358,-0.0034082817058860276,480,train/images/rec_20260912_165725_002592_jpg.rf.4dd5db82c4e7319654cb4b792c5db12f.jpg,15.285460998711642,,,9593,0.5710119047619048,16800,images/633c4897b464ae53.jpg,-14.481744157359644,NORMAL,56.46318000071915,True,0.154,1,False,,target_available,True,False,0.21999839352846579,0.0008407406819587478,train,640
True,0,,0,-29.048847520107458,NORMAL,57.81128499802435,True,0.154,1,False,,target_available,True,False,0.21966661915170294,0.012106875338446977,480,train/images/rec_20260912_165725_002608_jpg.rf.9b935b581ab90212fb9dfe5f8c3458ab.jpg,15.710059997218195,,,8200,0.5113813532896788,16035,images/e4704ef53bcdf16e.jpg,-13.554916905663676,NORMAL,62.99289600428892,True,0.154,1,False,,target_available,True,False,0.21945824946372558,0.015429735652861837,train,640
True,0,,0,-33.88603285777755,NORMAL,55.22001899953466,True,0.154,1,False,,target_available,True,False,0.21838409785730778,0.026615518087195096,480,train/images/rec_20260912_165725_002616_jpg.rf.8065e3b3a72cc4b68e433a9bc711e2f0.jpg,17.044583000824787,,,7666,0.5628074297041333,13621,images/462ec9486bc98c19.jpg,-12.734326707245655,NORMAL,51.56217700277921,True,0.154,1,False,,target_available,True,False,0.21884762074612268,0.022488194542053714,train,640
True,0,,0,-0.44465541590653185,NORMAL,49.73321999568725,True,0.154,1,False,,target_available,True,False,0.2317585009921115,0.01990067925345007,480,train/images/rec_20260912_165725_002632_jpg.rf.effcd7018af2b043983a92cec2e2c88d.jpg,17.4765049960115,,,7441,0.5764642082429501,12908,images/e8455ffed3ab0a09.jpg,4.770832022195275e-14,NORMAL,47.111400999710895,False,0.20516737337573368,2,False,,target_available,True,False,0.2648033462661793,-0.021952814590755494,train,640
True,0,,0,-12.369577206440649,NORMAL,52.423560999159236,False,0.21099422162832318,2,False,,target_available,True,False,0.252246167408692,0.018421610023195242,480,train/images/rec_20260912_165725_002664_jpg.rf.1733347ff9cf1e8a09f762712d957ff2.jpg,17.507522999949288,,,19243,0.6455216370345521,29810,images/c402a326a42d1f0c.jpg,-3.180554681463517e-14,NORMAL,56.23888799891574,False,0.21422311129334318,2,False,,target_available,True,False,0.24757757981422424,0.021614467245800247,train,640
True,0,,0,-11.52889695165036,S_BEND,59.05037900083698,False,0.20085290146059337,2,False,,target_available,True,False,0.21998567269915262,0.0025107383577938555,480,train/images/rec_20260912_165725_002712_jpg.rf.7208e815578966fda8681d67952b0b90.jpg,17.800743000407238,,,12040,0.6531055058312991,18435,images/22b36ac156fed763.jpg,3.180554681463517e-14,NORMAL,55.430034997698385,False,0.21525933026116925,2,False,,target_available,True,False,0.2325952936996611,0.008938887264994637,train,640
True,0,,0,-23.58147398654638,NORMAL,55.04567099706037,True,0.154,1,False,,target_available,True,False,0.21978791619242966,0.009657737612376758,480,train/images/rec_20260912_165725_002728_jpg.rf.275f44976a463fbf03e17b251ccd820f.jpg,17.553190999024082,,,8212,0.55010718113612,14928,images/0dac8177de3a8711.jpg,-12.62435912278045,NORMAL,52.17925299803028,True,0.154,1,False,,target_available,True,False,0.21985791569943125,0.007905498358850092,train,640
True,0,,0,-12.895492693176624,NORMAL,56.434015998092946,True,0.154,1,False,,target_available,True,False,0.2199987642173363,0.0007373892085332612,480,train/images/rec_20260912_165725_002736_jpg.rf.18f3ee0a180a2214fb29c3dc6e5d0743.jpg,17.473161999078002,,,8737,0.6264878818299154,13946,images/cae20ac68f3b96df.jpg,-14.501424419047375,NORMAL,52.87140099972021,True,0.154,1,False,,target_available,True,False,0.21999999640735046,3.975884544888552e-05,train,640
True,0,,0,-23.684526238891763,NORMAL,51.543790999858174,True,0.154,1,False,,target_available,True,False,0.21917088859770356,0.019081970319990853,480,train/images/rec_20260912_165725_002768_jpg.rf.3b793ed6a0f3f59c0aacb78bbe77c8f5.jpg,17.38455000304384,,,6483,0.6717438607398197,9651,images/768752c1cf96336f.jpg,-7.936972718116352,NORMAL,49.70989999856101,True,0.154,1,False,,target_available,True,False,0.21897155408561483,0.02124755283157698,train,640
True,0,,0,-24.47501681369429,NORMAL,48.673751996830106,True,0.154,1,False,,target_available,True,False,0.2186154958934651,0.024642746503876975,480,train/images/rec_20260912_165725_002776_jpg.rf.81b1c313f6fdc742f5235e5d5b835d6d.jpg,18.969072996696923,,,5553,0.5525922977410688,10049,images/f445587a5dfc8753.jpg,2.7034714792439894e-14,NORMAL,51.47187200054759,False,0.2064033624367352,2,False,,target_available,True,False,0.21999991995216828,0.00018767269259604218,train,640
True,0,,0,-20.84539120873071,NORMAL,54.577769995376,False,0.20405895641830946,2,False,,target_available,True,False,0.2199989993013325,0.0006635558848452686,480,train/images/rec_20260912_165725_002784_jpg.rf.803bfcb1449e32099cffc6b5d0a1fa62.jpg,20.92111900128657,,,8178,0.5995161645040686,13641,images/ba71b11a7baabd70.jpg,-2.5444437451708134e-14,NORMAL,51.97435100126313,False,0.20780807725437064,2,False,,target_available,True,False,0.21997256020274994,0.0034745874355890283,train,640
True,0,,0,17.986310720153604,NORMAL,56.19617499905871,False,0.198720986664321,2,False,,target_available,True,False,0.21995120547504043,0.004633272070204514,480,train/images/rec_20260912_165725_002792_jpg.rf.6a7d1510bcfdf2022a2c22ca82ca6eaa.jpg,18.478322999726515,,,10091,0.5827558327558328,17316,images/8ccbe046cfca1663.jpg,-2.5444437451708134e-14,NORMAL,53.073445000336505,False,0.21290279510426768,2,False,,target_available,True,False,0.22743615865414857,0.009019703645063916,train,640
True,0,,0,-2.782985346280577e-14,NORMAL,53.94007999711903,False,0.1997972959518127,2,False,,target_available,True,False,0.21986328374673456,0.007754770151518099,480,train/images/rec_20260912_165725_002808_jpg.rf.d1642e03c53d002b4a7931b14fcf43b5.jpg,17.56441200268455,,,9223,0.6132721590531285,15039,images/ebf95071998177b6.jpg,1.6648215910785596e-14,NORMAL,50.79168499651132,False,0.21217027432268515,2,False,,target_available,True,False,0.2320547664812877,0.01068224657735433,train,640
True,0,,0,-2.8624992133171654e-14,NORMAL,50.499554999987595,False,0.2011304807772143,2,False,,target_available,True,False,0.21996297712963822,0.004035925205730447,480,train/images/rec_20260912_165725_002824_jpg.rf.384665c6c69ab20470c6611341b9b886.jpg,17.849356001534034,,,5990,0.6202754478616548,9657,images/658dcdd5cae91f09.jpg,,NO_OBSERVATION,36.09997399325948,,,2,False,,"no common observed lane interval: x_overlap=0.0096m, minimum=0.0200m; normal fallback: no common observed lane interval: normal_pairs=0, minimum=3, runs=0",False,False,,,train,640
True,14481,0.7702659574468085,18800,-3.260068548500105e-14,NORMAL,54.857417999301106,False,0.18238159615411736,2,False,,target_available,True,False,0.22239959563573314,-0.02100563877962148,480,train/images/rec_20260912_171214_000700_jpg.rf.a38c2a4388d9d265c54967a20ceeb143.jpg,18.20586100075161,,,28472,0.7450477561167081,38215,images/73cee000592213c5.jpg,-2.4649298781342254e-14,NORMAL,56.43304999830434,False,0.19622714820690024,2,False,,target_available,True,False,0.23110969698322154,-0.02450431335057763,train,640
True,16253,0.7587060031743068,21422,-3.419096282573281e-14,NORMAL,58.17602000024635,False,0.19697610511568775,2,False,,target_available,True,False,0.23106003824098703,-0.023370978019913863,480,train/images/rec_20260912_171214_000710_jpg.rf.606b7e4ec7f8167916e99a5da199aafd.jpg,17.770139005733654,,,22437,0.754717615796024,29729,images/8da6cc7510335724.jpg,2.6239576122074014e-14,NORMAL,56.86574499850394,False,0.19246723858521558,2,False,,target_available,True,False,0.22669726610840452,-0.020927181341699262,train,640
True,25731,0.8973008787836518,28676,-2.3059021440610497e-14,NORMAL,57.480333001876716,False,0.186821137481799,2,False,,target_available,True,False,0.21949440660090294,-0.01490655798356881,480,train/images/rec_20260912_171214_000720_jpg.rf.8654376c920766adeec63d49889e93b1.jpg,18.29872899543261,,,26278,0.7568330405230264,34721,images/863b41cecb5985df.jpg,-2.942013080353753e-14,NORMAL,57.66098700405564,False,0.19298101860198488,2,False,,target_available,True,False,0.21927848982443562,-0.017802918308942227,train,640
True,36632,0.8653705322340601,42331,-1.828818941841522e-14,NORMAL,57.044597997446544,False,0.18495113643333336,2,False,,target_available,True,False,0.2196558550255566,-0.012300624089519185,480,train/images/rec_20260912_171214_000730_jpg.rf.bb013f1ce38d3ff9de6a04e6e0e6eed5.jpg,18.25861999532208,,,26058,0.7996685693242497,32586,images/94466c9f752c0703.jpg,-4.055207218865984e-14,NORMAL,57.980664998467546,False,0.18971046093142147,2,False,,target_available,True,False,0.21951768750904183,-0.014559700226401368,train,640
True,46977,0.8821971830985915,53250,-3.578124016646456e-14,NORMAL,67.46856999961892,False,0.1844062352231191,2,False,,target_available,True,False,0.21981586409142798,-0.008999216284703123,480,train/images/rec_20260912_171214_000740_jpg.rf.c7006f2ed9cc5c52780dc0da418525c5.jpg,17.704470999888144,,,26572,0.7617464094257947,34883,images/879212877ea36cc9.jpg,-4.6118042881220995e-14,NORMAL,57.48034900170751,False,0.18942562538044636,2,False,,target_available,True,False,0.21964946656971954,-0.012414178814470994,train,640
True,81809,0.9242388295769078,88515,-2.6239576122074014e-14,NORMAL,64.22931300039636,False,0.18591806767043573,2,False,,target_available,True,False,0.21983731828234546,-0.008458929626538698,480,train/images/rec_20260912_171214_000760_jpg.rf.dcfa975e7092e28edb1cf2f43d92adcf.jpg,17.884674001834355,,,25688,0.65512228711331,39211,images/0edb0cc2d8a725c9.jpg,-3.538367083128162e-14,NORMAL,56.52255400491413,False,0.19111020361133943,2,False,,target_available,True,False,0.2198431925200399,-0.00830486017923703,train,640
True,71101,0.9080819433446576,78298,3.220311614981811e-14,NORMAL,56.15627500083065,False,0.18939666828622917,2,False,,target_available,True,False,0.219894238067328,-0.006820855136218369,480,train/images/rec_20260912_171214_000770_jpg.rf.8f8fc03d9059fd5ec2f4e9ae4f14d82d.jpg,17.86896400153637,,,25503,0.7902760992841871,32271,images/229b158757dbca64.jpg,2.6637145457256954e-14,NORMAL,56.08072400355013,False,0.191564089369085,2,False,,target_available,True,False,0.21989266466939256,-0.006871391750881755,train,640
True,45478,0.8849065047769151,51393,-2.027603609432992e-14,NORMAL,66.0822010031552,False,0.18852734718037353,2,False,,target_available,True,False,0.21998720859861892,-0.002372351784141157,480,train/images/rec_20260912_171214_000780_jpg.rf.4720e0e81ab6e1674e8e78fc3efe12dd.jpg,18.205774002126418,,,23823,0.7194020836478937,33115,images/cb5e498203ad2a96.jpg,2.981770013872047e-14,NORMAL,64.93699000566266,False,0.1957661835940324,2,False,,target_available,True,False,0.21991454485919626,-0.0061313097599586175,train,640
True,31709,0.7353152609976115,43123,3.061283880908635e-14,NORMAL,58.048926999617834,False,0.1887752407771728,2,False,,target_available,True,False,0.21998116960167452,-0.0028783711851163097,480,train/images/rec_20260912_171214_000790_jpg.rf.9210d752c6b61da89a052d1367873023.jpg,17.09936800034484,,,23606,0.7839659924944372,30111,images/9f95348c3758a707.jpg,-3.260068548500105e-14,NORMAL,56.16461599856848,False,0.1903511897478497,2,False,,target_available,True,False,0.2199840658387992,-0.0026477871951581587,train,640
True,0,,0,61.19521942765439,CORNER,61.231807005242445,False,0.22046242374187605,2,False,,target_available,True,False,0.24776667804768715,-0.011651733230403617,480,valid/images/rec_20260912_165456_000136_jpg.rf.98370fef66aa9867141c9ae914a89938.jpg,18.773170006170403,,,15151,0.6856276586116391,22098,images/755dc805bd7ba352.jpg,23.603539941479525,NORMAL,53.58482600422576,False,0.22384565497140563,2,False,,target_available,True,False,0.25125712901395103,-0.012132814332924763,valid,640
True,0,,0,40.242819137906906,NORMAL,61.78525799623458,False,0.21939681134753328,2,False,,target_available,True,False,0.2562975594090693,-0.01600179072590703,480,valid/images/rec_20260912_165456_000176_jpg.rf.05d65dc84b6d6b22760eefe6c16f47f8.jpg,16.469194000819698,,,14531,0.7448357168486339,19509,images/cf6a89ff5a66202c.jpg,43.121740570734744,NORMAL,60.28651000087848,False,0.20894759834913582,2,False,,target_available,True,False,0.2312828456729526,-0.013654806785656115,valid,640
True,0,,0,26.08505159979523,NORMAL,77.61221200053114,True,0.154,1,False,,target_available,True,False,0.17508690568128907,0.13320876644932714,480,valid/images/rec_20260912_165456_000304_jpg.rf.254a224a83e0320fbe7db2c64ac019e6.jpg,15.915683005005121,,,0,0.0,14046,images/e5d44ffe89920414.jpg,,NO_OBSERVATION,0.023192995286080986,,,0,False,,no boundaries detected,False,False,,,valid,640
True,0,,0,2.270264847774051,NORMAL,78.59832100075437,True,0.154,1,False,,target_available,True,False,0.1304006061143021,0.10949178481911583,480,valid/images/rec_20260912_165456_000352_jpg.rf.0f24cb45c86a890349dac3f0664876a2.jpg,15.950134002196137,,,21067,0.8282681344603893,25435,images/f06636f4b1570936.jpg,3.266740910454767,NORMAL,78.4325019994867,True,0.154,1,False,,target_available,True,False,0.13298328955481956,0.11171087776833621,valid,640
True,0,,0,18.927707576087162,NORMAL,77.6921919969027,True,0.154,1,False,,target_available,True,False,0.13940086387936246,0.12703253112011523,480,valid/images/rec_20260912_165456_000360_jpg.rf.2bf9a4cc37c361604972f3d826ea6133.jpg,15.482923998206388,,,21492,0.860988702828299,24962,images/eb98af9a85eeb05d.jpg,3.5269959861020332,NORMAL,77.86534499609843,True,0.154,1,False,,target_available,True,False,0.13850749466666157,0.11774301853896205,valid,640
True,0,,0,2.0468921988336866,NORMAL,77.7238589944318,True,0.154,1,False,,target_available,True,False,0.14501619632812052,0.12347727521410816,480,valid/images/rec_20260912_165456_000368_jpg.rf.7515e2aa2bccd234333e0767699def65.jpg,15.447500001755543,,,21352,0.8765548667843508,24359,images/3a41b73be835365c.jpg,2.93259511358789,NORMAL,77.54425999883097,True,0.154,1,False,,target_available,True,False,0.1444202211834637,0.12222192417627167,valid,640
True,0,,0,-8.456584902886142,NORMAL,78.21740399958799,True,0.154,1,False,,target_available,True,False,0.16816306358921254,0.14184915947685578,480,valid/images/rec_20260912_165456_000392_jpg.rf.4699d2596bd8c946d01698b5e0e7c532.jpg,18.711701995925978,,,19137,0.8181002051983585,23392,images/5b78393266cfaef6.jpg,-3.4037910953918398,NORMAL,87.51344899792457,True,0.154,1,False,,target_available,True,False,0.16825475062045067,0.1417403925973466,valid,640
True,0,0.0,5082,-7.56238709923571,NORMAL,79.97879500180716,True,0.154,1,False,,target_available,True,False,0.20532235119448952,0.07901096189749057,480,valid/images/rec_20260912_165456_000528_jpg.rf.3db4c4da107c15bb14ad72a43b5cc574.jpg,16.47375999891665,,,24304,0.7739880895512882,31401,images/fd242873de012f28.jpg,-4.083115609256867,NORMAL,62.803260996588506,True,0.154,1,False,,target_available,True,False,0.2052223482360457,0.07927034618622009,valid,640
True,5752,0.8632748011406274,6663,-5.920406945528524,NORMAL,77.67858500301372,True,0.154,1,False,,target_available,True,False,0.20785499735882507,0.07208536656605717,480,valid/images/rec_20260912_165456_000536_jpg.rf.a4f5be06170ac801ea1dc4583593c9fd.jpg,17.801271002099384,,,22610,0.7391304347826086,30590,images/0a1aacb24ad628fa.jpg,-4.334863495590649,NORMAL,62.41294000210473,True,0.154,1,False,,target_available,True,False,0.20757833652068267,0.07287821490202821,valid,640
True,7825,0.7387651057401813,10592,-0.8080971367699529,NORMAL,74.8724380027852,True,0.154,1,False,,target_available,True,False,0.21330519311917734,0.05385995347556894,480,valid/images/rec_20260912_165456_000552_jpg.rf.35d19514dbaea42028b19eff47e29dc9.jpg,16.187526001886,,,18408,0.6820809248554913,26988,images/8da61fc7b4e31508.jpg,4.883688050952354,NORMAL,74.7290629951749,True,0.154,1,False,,target_available,True,False,0.21289496217667567,0.055459310127262074,valid,640
True,12944,0.7466543608675589,17336,6.361109362927034e-14,NORMAL,61.6662059983355,False,0.18688246200423478,2,False,,target_available,True,False,0.24629297031623187,0.030195516234284583,480,valid/images/rec_20260912_165456_000600_jpg.rf.ed59abf70ba4f240640b8ecbbd178b93.jpg,16.869553001015447,,,15181,0.5834358186010761,26020,images/d72e7a9d8d8a8f00.jpg,-6.997220299219736e-14,NORMAL,46.776700000918936,False,0.19066781303927194,2,False,,target_available,True,False,0.27076397107684397,0.04069008772297607,valid,640
True,0,,0,-3.279947015259252e-14,NORMAL,64.48594300309196,False,0.1956369894101248,2,False,,target_available,True,False,0.21989815264031465,0.006693464377799417,480,valid/images/rec_20260912_165456_000768_jpg.rf.80804d0d3872be1b886ae84aaad1be88.jpg,18.12587899621576,,,19905,0.8013930268137531,24838,images/b307166022be7e54.jpg,1.7990012417028016e-14,NORMAL,64.11814400053117,False,0.19816555882321213,2,False,,target_available,True,False,0.21989632382590832,0.006753278303998421,valid,640
True,0,,0,-14.441929744631649,NORMAL,65.49096499657026,True,0.154,1,False,,target_available,True,False,0.21992305147713065,-0.005818198087668063,480,valid/images/rec_20260912_165456_000840_jpg.rf.603b0ebe5e454d93b4b02827986810a9.jpg,16.459777994896285,,,16388,0.8742131654753014,18746,images/b7e6b9b3608e2222.jpg,-14.342159913472118,NORMAL,64.90014600422,True,0.154,1,False,,target_available,True,False,0.21992314157394444,-0.005814791505014022,valid,640
True,0,,0,-13.149556985323713,NORMAL,64.84448700211942,True,0.154,1,False,,target_available,True,False,0.21988242751146345,-0.007191527769954659,480,valid/images/rec_20260912_165456_000848_jpg.rf.7d9fb1a403ec528a0c65003e3fa68317.jpg,16.353288003301714,,,17213,0.9016290398617149,19091,images/ffe295ed9fe5f09c.jpg,-15.07777899218119,NORMAL,65.14931700075977,True,0.154,1,False,,target_available,True,False,0.21990738860263495,-0.006382823667445539,valid,640
True,0,,0,-13.01801946476032,NORMAL,66.04400200012606,True,0.154,1,False,,target_available,True,False,0.21984751867493352,-0.008189537989090298,480,valid/images/rec_20260912_165456_000856_jpg.rf.c01ba914aa85991c34f4835819bb4315.jpg,17.610574002901558,,,16206,0.8389501475384377,19317,images/2c36f25073875182.jpg,-13.199990355691789,NORMAL,64.94489099713974,True,0.154,1,False,,target_available,True,False,0.21986818505826788,-0.007614538671729134,valid,640
True,0,,0,-60.89413648698709,UNKNOWN,93.68935800011968,,,1,False,,center_path curve folds back (offset=-0.077m),False,False,,,480,valid/images/rec_20260912_165456_000936_jpg.rf.e013b1bb5951fd961ab91ea0c689f151.jpg,15.88005500525469,,,20676,0.8527943905959992,24245,images/094080b38c646243.jpg,-50.44686788696429,UNKNOWN,82.10966199840186,True,0.154,1,False,,target_available,True,False,0.1335253295899841,-0.09599926784184455,valid,640
True,0,,0,-16.345796965618266,NORMAL,78.19877500151051,True,0.154,1,False,,target_available,True,False,0.12086868870904598,-0.09846937908176312,480,valid/images/rec_20260912_165456_000944_jpg.rf.fcdc9be2f9317739164a3349e7f837d1.jpg,16.574758003116585,,,22644,0.7730174444406513,29293,images/9ee9d64579ae7e2a.jpg,-17.806726424498017,NORMAL,77.71228600176983,True,0.154,1,False,,target_available,True,False,0.11724723275431238,-0.09286921541601417,valid,640
True,0,,0,-0.6375069487404004,NORMAL,48.04503700142959,True,0.154,1,False,,target_available,True,False,0.21753188344315655,0.032861522875133796,480,valid/images/rec_20260912_165456_001296_jpg.rf.0ccb12163ddc42d78749203adb9f8599.jpg,16.746211003919598,,,21577,0.8622177822177822,25025,images/89ae0c168cb43d23.jpg,-1.9612918442910534,NORMAL,46.69515499699628,True,0.154,1,False,,target_available,True,False,0.21733478956980998,0.03414072703746086,valid,640
True,0,,0,,NO_OBSERVATION,22.768466995330527,,,1,False,,initial boundary overlaps robot reference,False,False,,,480,valid/images/rec_20260912_165456_001320_jpg.rf.ab05900664082f0688ca01c363838b90.jpg,16.68950900057098,,,21933,0.8627227313849664,25423,images/eaf5d21281741c7e.jpg,,NO_OBSERVATION,22.239625999645796,,,1,False,,initial boundary overlaps robot reference,False,False,,,valid,640
True,0,,0,,NO_OBSERVATION,23.463220000849105,,,1,False,,initial boundary overlaps robot reference,False,False,,,480,valid/images/rec_20260912_165456_001328_jpg.rf.90cd9b3c1cac80726410c68ea80cdbe4.jpg,16.520575001777615,,,21762,0.8797348102033391,24737,images/80d3e8e4de28e6e9.jpg,,NO_OBSERVATION,22.71623299748171,,,1,False,,initial boundary overlaps robot reference,False,False,,,valid,640
True,0,,0,2.5444437451708134e-14,NORMAL,54.434810001112055,False,0.15708380141054526,2,False,,target_available,True,False,0.26341486174591905,-0.05733219386702672,480,valid/images/rec_20260912_165456_001384_jpg.rf.b77280589a670b845d5f0b9613338357.jpg,18.39870999538107,,,25156,0.8809665557695675,28555,images/231ca6dbaf3018b1.jpg,2.5444437451708134e-14,NORMAL,53.713925000920426,False,0.157536589206173,2,False,,target_available,True,False,0.26356297684820207,-0.056810451044713675,valid,640
True,0,,0,-3.935936418311102e-14,NORMAL,63.38127900380641,False,0.15814796232801506,2,False,,target_available,True,False,0.21999863329602729,-0.0007754662340182002,480,valid/images/rec_20260912_165456_001568_jpg.rf.63c282645f3e93621a425f004b5a282b.jpg,16.980768006760627,,,26885,0.7633013457498155,35222,images/19f474a18de8205a.jpg,3.518488616369015e-14,NORMAL,60.3655879967846,False,0.1610794542753047,2,False,,target_available,True,False,0.219990403005405,-0.002054893067651882,valid,640
True,0,,0,3.2855378340352615e-14,NORMAL,63.7764050043188,False,0.15630121278340617,2,False,,target_available,True,False,0.2199978571833941,0.0009709967636071956,480,valid/images/rec_20260912_165456_001680_jpg.rf.4ef1d0997f7913796ef182c84ca8dfe4.jpg,16.84150900109671,,,28289,0.8057248647109085,35110,images/50ba23a77646c738.jpg,3.286159036121485e-14,NORMAL,61.473005000152625,False,0.15924687005069793,2,False,,target_available,True,False,0.21999803232981735,0.0009304681663670815,valid,640
True,0,,0,-1.90833280887811e-14,NORMAL,63.24407400097698,False,0.15942752332694582,2,False,,target_available,True,False,0.2199995938223107,0.0004227505391011472,480,valid/images/rec_20260912_165456_001688_jpg.rf.13ccb360e639ce0d898800223c26b1a8.jpg,17.13432300311979,,,26841,0.756148406907626,35497,images/28af03ba6654e7c8.jpg,-1.7095481412866404e-14,NORMAL,63.157941003737506,False,0.15841703944364982,2,False,,target_available,True,False,0.2199980583050391,0.0009243062331334349,valid,640
True,0,,0,-3.255098931810318e-14,NORMAL,62.878870994609315,False,0.1587228850071794,2,False,,target_available,True,False,0.21998754829955008,0.002340639475251807,480,valid/images/rec_20260912_165456_001712_jpg.rf.1db22ef604ee283158a8a3a84b50428f.jpg,17.122328994446434,,,27578,0.776954500633892,35495,images/7791105c29d1f5c3.jpg,-1.654882357698986e-14,NORMAL,62.64183599705575,False,0.16017974398962595,2,False,,target_available,True,False,0.21998463635500784,0.0025999553371085686,valid,640
True,0,,0,-7.339277726673346,NORMAL,62.97919400094543,False,0.16374999975615065,2,False,,target_available,True,False,0.21997478794530936,0.0033305657801901557,480,valid/images/rec_20260912_165456_001736_jpg.rf.cd02bb69c3d2780a2c6c193a37356b26.jpg,17.279949999647215,,,28207,0.7470074152542373,37760,images/67f97c2b0cdc977c.jpg,2.1269959432287267e-14,NORMAL,60.847284003102686,False,0.15916805974996714,2,False,,target_available,True,False,0.21998909517336376,0.002190434843745604,valid,640
True,0,,0,-14.620695916682136,NORMAL,61.613862999365665,False,0.1663247019417089,2,False,,target_available,True,False,0.21989028663165897,0.006947074567532951,480,valid/images/rec_20260912_165456_001808_jpg.rf.be6bb7ec81b802862a3536aab8a80f19.jpg,16.943148999416735,,,27357,0.7683687226154364,35604,images/7d54200607e65884.jpg,-15.860975441425008,NORMAL,61.69477900402853,False,0.16613783168593493,2,False,,target_available,True,False,0.21989134173559113,0.006913597451506174,valid,640
True,0,,0,-18.40812229371989,NORMAL,63.700851998873986,False,0.1628097284088018,2,False,,target_available,True,False,0.21972558954837254,0.010984775720064304,480,valid/images/rec_20260912_165456_001832_jpg.rf.63134d8eab2a13fcb2c757a439de2984.jpg,17.27285800006939,,,27591,0.8208919698908096,33611,images/1194f1ba06530c33.jpg,-21.43683043369874,NORMAL,68.92841999797383,False,0.16739085539123189,2,False,,target_available,True,False,0.21986166826795261,0.007800437579569138,valid,640
True,0,,0,-29.37166261267359,NORMAL,73.27721200272208,False,0.16779209623114494,2,False,,target_available,True,False,0.21998915299154354,-0.0021846203476225444,480,valid/images/rec_20260912_165456_001872_jpg.rf.81baabc827cd2760ea923918cdfa352c.jpg,17.05654100078391,,,24852,0.8428692555536713,29485,images/d72195393be41ea9.jpg,-26.041174081863243,NORMAL,73.00127900089137,False,0.16728453568468915,2,False,,target_available,True,False,0.21998565622663727,-0.002512181230678776,valid,640
True,0,,0,-30.672672558538277,NORMAL,86.3091520004673,True,0.154,1,False,,target_available,True,False,0.21946290901801957,-0.015363318825971892,480,valid/images/rec_20260912_165456_001896_jpg.rf.27382c42158b38185621dda524daf356.jpg,18.005633995926473,,,19325,0.8684222352042421,22253,images/aa1f51e0a2974943.jpg,-35.18531485591743,NORMAL,86.26670800003922,True,0.154,1,False,,target_available,True,False,0.219409019893818,-0.01611465138419569,valid,640
True,0,,0,-34.79962307322931,NORMAL,87.36493999458617,True,0.154,1,False,,target_available,True,False,0.21623923922896754,-0.040504214813736956,480,valid/images/rec_20260912_165456_001944_jpg.rf.c2c1ffb8fda1815f3e54e65c26021f33.jpg,17.600118997506797,,,22779,0.899537969434901,25323,images/b7457416cb3762a1.jpg,-40.203383927250854,NORMAL,79.91164400300477,True,0.154,1,False,,target_available,True,False,0.21617129091803233,-0.0408653029210775,valid,640
True,0,,0,-31.98661561423385,NORMAL,74.9309649982024,True,0.154,1,False,,target_available,True,False,0.14183259228985529,-0.11325605719479835,480,valid/images/rec_20260912_165456_002040_jpg.rf.5baaa00ff04f729d63ea3a6f02309afc.jpg,16.48175800073659,,,25368,0.8183489789993226,30999,images/03c08e93080072cf.jpg,-30.86442497244791,NORMAL,75.23534500069218,True,0.154,1,False,,target_available,True,False,0.15196639577396734,-0.12409191923583927,valid,640
True,0,,0,-19.98483738161902,NORMAL,76.00024299608776,True,0.154,1,False,,target_available,True,False,0.15584662208422767,-0.1337315675064447,480,valid/images/rec_20260912_165456_002072_jpg.rf.0eb9467acf2c635ab429863111b02449.jpg,16.773277005995624,,,27180,0.7773265457873363,34966,images/9cfb17ccef493a04.jpg,-22.008135653379146,NORMAL,76.11132899910444,True,0.154,1,False,,target_available,True,False,0.1561214385017784,-0.13238890450876023,valid,640
True,0,,0,-25.506046042561202,NORMAL,74.74919300148031,True,0.154,1,False,,target_available,True,False,0.17150234368615636,-0.13779312794967497,480,valid/images/rec_20260912_165456_002184_jpg.rf.0e5f77ee723162856eee3d049efb4473.jpg,16.668393996951636,,,26084,0.8494756725070018,30706,images/548b7947648357b1.jpg,-23.571316494426153,NORMAL,75.16932099679252,True,0.154,1,False,,target_available,True,False,0.17386048643221316,-0.13480553125726785,valid,640
True,0,,0,-25.916718456956254,NORMAL,78.08189000206767,True,0.154,1,False,,target_available,True,False,0.18727140663881287,-0.11545310847058379,480,valid/images/rec_20260912_165456_002216_jpg.rf.4f78f79b91621d86ed98071d66ac8fe7.jpg,16.818651994981337,,,26729,0.9203250352924973,29043,images/be96a915050d921e.jpg,-26.597770492484827,NORMAL,78.09320200613001,True,0.154,1,False,,target_available,True,False,0.18749750411876928,-0.11508555925585147,valid,640
True,0,,0,-19.656177727591476,NORMAL,78.84249500057194,True,0.154,1,False,,target_available,True,False,0.19976569288028495,-0.09216109780194497,480,valid/images/rec_20260912_165456_002248_jpg.rf.a6ee3eb72ec47825fcfa992ba45ef7b0.jpg,16.880053997738287,,,23559,0.8367607884922749,28155,images/9302f8193c045f65.jpg,-28.847582517314553,NORMAL,78.72257699636975,True,0.154,1,False,,target_available,True,False,0.20293141353117247,-0.0849637652310693,valid,640
True,0,,0,-28.997824198959293,NORMAL,85.54100099718198,True,0.154,1,False,,target_available,True,False,0.20484956381726252,-0.08022877416411957,480,valid/images/rec_20260912_165456_002256_jpg.rf.21dba511821bd079ae25d675f4066764.jpg,16.676381004799623,,,21585,0.895048930170841,24116,images/fdefa77f15ce661e.jpg,-27.416817911641594,NORMAL,79.07503599562915,True,0.154,1,False,,target_available,True,False,0.2058374809665541,-0.07765907177750368,valid,640
True,0,,0,-35.11540624741765,NORMAL,86.1983840004541,True,0.154,1,False,,target_available,True,False,0.21686031327194794,-0.03703517959444242,480,valid/images/rec_20260912_165456_002304_jpg.rf.3c1881f24a41695c0b592abb6afb0f26.jpg,18.08809499925701,,,14968,0.8027889514615179,18645,images/12bb0e286860f5a2.jpg,-33.08830875229783,NORMAL,86.37819300201954,True,0.154,1,False,,target_available,True,False,0.21756524411622535,-0.032639922681392326,valid,640
True,0,,0,-34.45233172981506,NORMAL,51.37479699624237,False,0.1577306322294228,2,False,,target_available,True,False,0.21953481876477252,-0.014299068148606134,480,valid/images/rec_20260912_165456_002320_jpg.rf.6383488fee0ce0d268770b339d929f6c.jpg,14.868546000798233,,,13413,0.4755708410154588,28204,images/52fd88b02e001e40.jpg,-28.27133662727646,NORMAL,85.24736900290009,True,0.154,1,False,,target_available,True,False,0.2195913204829825,-0.013403431222640804,valid,640
True,,,,,,,,,2,,,,,,,,480,valid/images/rec_20260912_165456_002520_jpg.rf.d0d101883dce36ab2fa76a31257bbef7.jpg,15.420556999742985,,line 1: bounding_box_not_segmentation,,,,images/7a632842c6650d8d.jpg,-31.690643222177698,NORMAL,85.9141399996588,True,0.154,1,False,,target_available,True,False,0.21664970517543902,-0.03824794435515908,valid,640
True,0,,0,,NO_OBSERVATION,28.7462010019226,,,2,False,,"no unambiguous left/right boundary pair (projected=1, fitted=1; side association ambiguous)",False,False,,,480,valid/images/rec_20260912_165456_002688_jpg.rf.22a3bdf2788a69c67c013eb673c7ebd3.jpg,17.93401499890024,,,19823,0.6318087649402391,31375,images/d1281956c1f01266.jpg,,NO_OBSERVATION,8.694107993505895,,,1,False,,initial boundary=None; lane width requires real pair,False,False,,,valid,640
True,0,,0,41.51242828663697,S_BEND,79.65888000035193,True,0.154,1,False,,target_available,True,False,0.21794122220855333,0.030027048843367356,480,valid/images/rec_20260912_165456_003976_jpg.rf.65e9965799bd8cfb68a484b400c9fd04.jpg,15.090013002918568,,,17539,0.7935121929149889,22103,images/87bfb2bfadcf85c0.jpg,29.20853323746961,NORMAL,87.05111099698115,True,0.154,1,False,,target_available,True,False,0.21819600592271418,0.028115885178576192,valid,640
True,0,,0,-4.4527765540489235e-14,NORMAL,69.16252600058215,False,0.15564845787998324,2,False,,target_available,True,False,0.21930391178862296,0.01748697441548639,480,valid/images/rec_20260912_165456_003984_jpg.rf.12058234dce79dc2630d55460a832f70.jpg,15.077979005582165,,,16904,0.7605849268841395,22225,images/b5a74a388a01fb7b.jpg,2.8624992133171654e-14,NORMAL,68.88236699887784,False,0.15611764087134938,2,False,,target_available,True,False,0.21942451571638025,0.015902260928308005,valid,640
True,0,,0,20.491484467683307,NORMAL,69.92311999783851,False,0.15609376877456504,2,False,,target_available,True,False,0.21988602309865565,0.007080737663370682,480,valid/images/rec_20260912_165456_004000_jpg.rf.eb977f4630be4b47d6be48d870b2222c.jpg,16.156193996721413,,,24471,0.8683818310858765,28180,images/2ac45c141f4fc915.jpg,19.548209229329164,NORMAL,70.27943999855779,False,0.15753252099721568,2,False,,target_available,True,False,0.2198762617618762,0.007377636045705784,valid,640
True,0,,0,33.98421954693579,NORMAL,67.52170599793317,False,0.1596935606013304,2,False,,target_available,True,False,0.21982160896675143,-0.008857778009671795,480,valid/images/rec_20260912_165456_004016_jpg.rf.69887689cd0ebfdb08e5001e83407957.jpg,15.207561998977326,,,28711,0.8418907427499047,34103,images/015b09fc944c6af8.jpg,33.3802937363631,NORMAL,66.69331100420095,False,0.16098301928329095,2,False,,target_available,True,False,0.21979296530262077,-0.009542138307577993,valid,640
True,0,,0,,NO_OBSERVATION,57.78367099992465,,,2,False,,"no unambiguous left/right boundary pair (projected=2, fitted=2; side association ambiguous)",False,False,,,480,valid/images/rec_20260912_165456_004104_jpg.rf.13ce398fc2c54e8ffd772efbe7cbc323.jpg,17.31340900005307,,,28830,0.8120898002873158,35501,images/022c6e75fd28b0f0.jpg,,NO_OBSERVATION,56.87496600148734,,,2,False,,"no unambiguous left/right boundary pair (projected=2, fitted=2; side association ambiguous)",False,False,,,valid,640
True,0,,0,,NO_OBSERVATION,52.642564005509485,,,2,False,,"no unambiguous left/right boundary pair (projected=2, fitted=2; side association ambiguous)",False,False,,,480,valid/images/rec_20260912_165456_004120_jpg.rf.191fd967791acb337832afc378e3479c.jpg,17.74390000355197,,,31667,0.8844542509216847,35804,images/c68d6c505985e04b.jpg,,NO_OBSERVATION,52.95100600051228,,,2,False,,"no unambiguous left/right boundary pair (projected=2, fitted=2; side association ambiguous)",False,False,,,valid,640
True,0,,0,,NO_OBSERVATION,44.578922002983745,,,2,False,,"no unambiguous left/right boundary pair (projected=2, fitted=2; side association ambiguous)",False,False,,,480,valid/images/rec_20260912_165456_004152_jpg.rf.31fa33793b680b0df473f7d11e2a4508.jpg,17.23689200298395,,,27515,0.8399218535364328,32759,images/03887b4d382b8366.jpg,45.47590376383642,NORMAL,55.66197999723954,True,0.154,1,False,,target_available,True,False,0.21994944709720135,-0.004716006958796638,valid,640
True,0,,0,41.33743156287688,NORMAL,52.01155100075994,True,0.154,1,False,,target_available,True,False,0.21977898947287047,-0.009858792333946912,480,valid/images/rec_20260912_165456_004160_jpg.rf.2dfa08a2cf7684704a6c30297c9f6807.jpg,17.743944001267664,,,25660,0.8968265063609674,28612,images/6b5903cb215e27ab.jpg,47.434290855526086,NORMAL,57.08472199330572,True,0.154,1,False,,target_available,True,False,0.21970634337564954,-0.011363216116099622,valid,640
True,0,,0,,NO_OBSERVATION,51.68311099987477,,,2,False,,"no unambiguous left/right boundary pair (projected=2, fitted=2; side association ambiguous)",False,False,,,480,valid/images/rec_20260912_165456_004216_jpg.rf.07f37374800b63cd47256d318f0c3b2f.jpg,17.306144996837247,,,27193,0.7780543633762518,34950,images/86b4bd6cdb02f17a.jpg,47.30944208582166,NORMAL,55.15631700109225,True,0.154,1,False,,target_available,True,False,0.21889509051025519,0.02202133852669244,valid,640
True,0,,0,,NO_OBSERVATION,52.22646699985489,,,2,False,,"no unambiguous left/right boundary pair (projected=2, fitted=2; side association ambiguous)",False,False,,,480,valid/images/rec_20260912_165456_004224_jpg.rf.0a46d905252e777a5776f0ed8078f848.jpg,17.83255899499636,,,29960,0.8512089098502713,35197,images/2ca913e7a7d0e2a2.jpg,,NO_OBSERVATION,43.33231599594001,,,2,False,,"no unambiguous left/right boundary pair (projected=2, fitted=2; side association ambiguous)",False,False,,,valid,640
True,0,,0,,NO_OBSERVATION,59.514083004614804,,,2,False,,"no unambiguous left/right boundary pair (projected=2, fitted=2; side association ambiguous)",False,False,,,480,valid/images/rec_20260912_165456_004256_jpg.rf.50dbec03766b199e666a5eeba2e0210c.jpg,18.315763998543844,,,28288,0.8270861353137243,34202,images/3c71cf0e34de21da.jpg,,NO_OBSERVATION,60.68713599961484,,,2,False,,"no unambiguous left/right boundary pair (projected=2, fitted=2; side association ambiguous)",False,False,,,valid,640
True,0,,0,21.466315536431868,NORMAL,68.70762600010494,False,0.1596611739921106,2,False,,target_available,True,False,0.21990909119775082,0.006323891885486179,480,valid/images/rec_20260912_165456_004352_jpg.rf.c6595e85cbf2b74868e93a2e4a3d3b04.jpg,16.344192998076323,,,24688,0.8778579810119831,28123,images/c76f10e5b44c56b0.jpg,20.82068708654923,NORMAL,69.4252979956218,False,0.15854287639410541,2,False,,target_available,True,False,0.2199139598274045,0.006152257555623133,valid,640
True,0,,0,-1.1199728274059846,S_BEND,54.243890997895505,True,0.154,1,False,,target_available,True,False,0.21642535258972065,0.03949768039284207,480,valid/images/rec_20260912_165456_004752_jpg.rf.4917f6c16910602102a7c47c521d15a6.jpg,17.184643002110533,,,18550,0.935592878398144,19827,images/a455cfdbcfeace8a.jpg,20.864244360636672,NORMAL,54.03564200241817,True,0.154,1,False,,target_available,True,False,0.21663764464796262,0.03831619659338679,valid,640
True,0,,0,,NO_OBSERVATION,41.5605800008052,,,2,False,,"no unambiguous left/right boundary pair (projected=1, fitted=1; side association ambiguous)",False,False,,,480,valid/images/rec_20260912_165725_001640_jpg.rf.a60c04a6df6a08764c37e52bc976a6fe.jpg,17.576158003066666,,,28140,0.925414364640884,30408,images/802f14e6d4a69d27.jpg,,NO_OBSERVATION,41.71675199904712,,,2,False,,"no unambiguous left/right boundary pair (projected=1, fitted=1; side association ambiguous)",False,False,,,valid,640
True,0,,0,69.32164913821842,S_BEND,101.65472000517184,,,1,False,,center_path curve folds back (offset=0.077m),False,False,,,480,valid/images/rec_20260912_165725_001664_jpg.rf.110049651e18e5722e863ad659d4caa4.jpg,17.732584004988894,,,16381,0.893769096464426,18328,images/ca813004bd627956.jpg,17.81526470843055,NORMAL,60.41569799708668,True,0.154,1,False,,target_available,True,False,0.21958993071156424,-0.013426180770808139,valid,640
True,0,,0,59.868436440295675,UNKNOWN,93.60021699831123,,,1,False,,center_path curve folds back (offset=0.077m),False,False,,,480,valid/images/rec_20260912_165725_001712_jpg.rf.f0d63d58c81ca5f3412a9f82dfb58aee.jpg,18.943626993859652,,,21866,0.8877791311408851,24630,images/c7b5b9ec2908eb43.jpg,59.03800356938896,UNKNOWN,82.03951199539006,True,0.154,1,False,,target_available,True,False,0.1481190632021933,0.1038685453580231,valid,640
True,0,,0,12.562752759091522,NORMAL,78.04285100428388,True,0.154,1,False,,target_available,True,False,0.16143702356434547,0.13156084147342012,480,valid/images/rec_20260912_165725_001728_jpg.rf.6bf571175a2db750863f0a432a0644b2.jpg,17.39551699574804,,,18662,0.8437853235068047,22117,images/fc7bfac93d4f2275.jpg,14.477476848268829,NORMAL,77.61364399630111,True,0.154,1,False,,target_available,True,False,0.16064458278172317,0.12086293589655007,valid,640
True,0,,0,2.0651411144381604,NORMAL,78.10277399403276,True,0.154,1,False,,target_available,True,False,0.19994617290884956,0.09176888328352066,480,valid/images/rec_20260912_165725_001792_jpg.rf.2b9ce85cc6696dff89582eb3deeae9a4.jpg,15.589598995575216,,,17887,0.9089384623202399,19679,images/04bbf0c0b026a62c.jpg,-3.854497590058207,NORMAL,78.60622699809028,True,0.154,1,False,,target_available,True,False,0.19947088946538147,0.09279743668814112,valid,640
True,0,,0,-17.369973109952337,S_BEND,77.68390200362774,True,0.154,1,False,,target_available,True,False,0.21101465351873108,0.06223195321030729,480,valid/images/rec_20260912_165725_001816_jpg.rf.0c2b6e427f2f2f25b3196b3edb11f4d5.jpg,16.23437099624425,,,15902,0.8607773086499946,18474,images/09a5395d1ea1434c.jpg,8.712428649332198,S_BEND,77.96452500042506,True,0.154,1,False,,target_available,True,False,0.20988925187925855,0.06592800577573359,valid,640
True,10803,0.829404990403071,13025,3.3443343558142584,NORMAL,71.07980700675398,True,0.154,1,False,,target_available,True,False,0.2185787830770837,-0.02496628904225027,480,valid/images/rec_20260912_165725_001904_jpg.rf.a4c4c7003401014d0b0e74c67e43617a.jpg,15.749370002595242,,,12061,0.815042573320719,14798,images/7e4f2b4f5d576162.jpg,-1.8724906412775915,S_BEND,70.03210599941667,True,0.154,1,False,,target_available,True,False,0.21853666816714448,-0.025332285060834493,valid,640
True,12010,0.7988027934818757,15035,-6.361109362927034e-14,NORMAL,58.71309299982386,False,0.206316419194669,2,False,,target_available,True,False,0.2543378424230931,-0.00993123113836944,480,valid/images/rec_20260912_165725_001944_jpg.rf.5d29dc3958c93694b1b56f7e9fafd010.jpg,19.07833499717526,,,30288,0.8151138382044244,37158,images/f6376a93bf530b01.jpg,-8.905553108097847e-14,NORMAL,63.362849003169686,False,0.20268507124572174,3,False,,target_available,True,False,0.2566151882488198,-0.010202840176240721,valid,640
True,14488,0.8092498463944591,17903,6.361109362927034e-14,NORMAL,60.760583997762296,False,0.2008488520808067,2,False,,target_available,True,False,0.2496013809133461,-0.0076879773214352035,480,valid/images/rec_20260912_165725_001952_jpg.rf.b5b317d65462fbb1a8961785f424bf52.jpg,18.879472998378333,,,33664,0.755340154370849,44568,images/e9479a034914c80d.jpg,-6.997220299219736e-14,NORMAL,62.57137899956433,False,0.19965922039409592,3,False,,target_available,True,False,0.24825536478726717,-0.008183973984343673,valid,640
True,80288,0.8725818371516759,92012,6.679164831073386e-14,NORMAL,60.74716500006616,False,0.1918613629226626,2,False,,target_available,True,False,0.21999396057397863,-0.0016301260609968928,480,valid/images/rec_20260912_165725_002056_jpg.rf.6259b5042a37a2d5b4e1e54c8ff9a6ca.jpg,17.708851999486797,,,29522,0.6809835763055915,43352,images/74dcbb783344eda2.jpg,-4.208368589261464,NORMAL,55.99275099666556,False,0.19921371725224027,2,False,,target_available,True,False,0.2199760434072766,-0.003246586958631488,valid,640
True,77865,0.8880183385794443,87684,-6.043053894780682e-14,NORMAL,58.467522998398636,False,0.1906629993077502,2,False,,target_available,True,False,0.21999214803668077,0.0018587098232767153,480,valid/images/rec_20260912_165725_002064_jpg.rf.d29a2e810f018a5d51bb3e5027128f26.jpg,18.95114700164413,,,26897,0.6276866350843621,42851,images/15e14ffb4841b2eb.jpg,-5.305699299413182,NORMAL,56.08803799987072,False,0.19686296614977855,2,False,,target_available,True,False,0.21999912265887556,0.0006213125823840149,valid,640
True,0,,0,-1.8967722821974426,NORMAL,40.98173000238603,True,0.154,1,False,,target_available,True,False,0.46004455065702243,-0.08567302343646578,480,valid/images/rec_20260912_165725_002120_jpg.rf.1e208edd319831d604f62359dd19860b.jpg,20.02120399993146,,,13817,0.2945867002110739,46903,images/e101e5ddbd08045f.jpg,-6.838192565146562e-14,NORMAL,53.995178001059685,False,0.2021827308915068,2,False,,target_available,True,False,0.2905212084599312,0.04525045426139211,valid,640
True,0,,0,,NO_OBSERVATION,54.03220200241776,,,2,False,,"no common observed lane interval: normal_pairs=0, minimum=3, runs=0",False,False,,,480,valid/images/rec_20260912_165725_002128_jpg.rf.89d8e489d9d74324c287cf94ddada043.jpg,17.90675200027181,,,24057,0.48882431828341527,49214,images/67c3daaa0ba8b1b0.jpg,-8.525162214904174,NORMAL,53.65384199831169,False,0.18821151592382046,2,False,,target_available,True,False,0.2197304044837654,0.010888036801960127,valid,640
True,0,,0,-14.996681670334887,NORMAL,66.07720600004541,True,0.154,1,False,,target_available,True,False,0.2199998468670277,-0.00025957365883285446,480,valid/images/rec_20260912_165725_002200_jpg.rf.aeccc844898a67d34e76cfe601a08a8e.jpg,17.15931899525458,,,19797,0.6000181851245681,32994,images/61488e050e709039.jpg,-82.43067825791958,CORNER,79.60146600089502,True,0.154,1,True,,target_available,True,False,0.21993861920210786,-0.005196516474541881,valid,640
True,0,,0,-1.808681479317465,NORMAL,59.13695599883795,True,0.154,1,False,,target_available,True,False,0.21933218716192918,0.017128679889718924,480,valid/images/rec_20260912_165725_002280_jpg.rf.49af430f53829a390c00155ce16b95bd.jpg,17.035438999300823,,,13574,0.33746861248539395,40223,images/1936697f90770d69.jpg,-20.729037249603376,NORMAL,59.432857000501826,True,0.154,1,False,,target_available,True,False,0.23300151185351833,0.02554213199815504,valid,640
True,0,,0,-1.9592175531338467,NORMAL,58.578320997185074,True,0.154,1,False,,target_available,True,False,0.21897187438061733,0.02124425169873334,480,valid/images/rec_20260912_165725_002288_jpg.rf.6808d942a37f40cd447246803c58e458.jpg,17.134362999058794,,,12791,0.4983247623500078,25668,images/9c78b279d9b6319f.jpg,-28.46737749450614,NORMAL,58.31393599510193,True,0.154,1,False,,target_available,True,False,0.2567756243895995,0.0378824155590657,valid,640
True,0,,0,-8.905553108097847e-14,NORMAL,55.61013000260573,False,0.23008953875274168,2,False,,target_available,True,False,0.3148172819962392,-0.030213501387241406,480,valid/images/rec_20260912_165725_002328_jpg.rf.9d61077e17fe86b4f39971a3aad086fc.jpg,17.999808995227795,,,17426,0.42160017419495316,41333,images/c9361b4743b95074.jpg,,NO_OBSERVATION,48.52341699734097,,,2,False,,"no common observed lane interval: x_overlap=-0.0746m, minimum=0.0200m; normal fallback: no common observed lane interval: normal_pairs=0, minimum=3, runs=0",False,False,,,valid,640
True,0,,0,,NO_OBSERVATION,32.16057399549754,,,2,False,,"no unambiguous left/right boundary pair (projected=1, fitted=1; side association ambiguous)",False,False,,,480,valid/images/rec_20260912_165725_002344_jpg.rf.30f679a16a62cbecff2926d1b33e131b.jpg,17.48018900252646,,,22443,0.5523207166412364,40634,images/4c188b5f0649f28f.jpg,1.0177774980683254e-13,NORMAL,54.190518996620085,False,0.23450399747794837,2,False,,target_available,True,False,0.32570557213555257,-0.03013011823054649,valid,640
True,0,,0,8.905553108097847e-14,NORMAL,48.99811799987219,False,0.20901077566340998,2,False,,target_available,True,False,0.32065830404452655,0.01013144508308475,480,valid/images/rec_20260912_165725_002360_jpg.rf.bce5ff7c4ff712eb4962adf7c3708204.jpg,17.679168995528016,,,27341,0.5217947249895034,52398,images/62e3c2c3323fe350.jpg,-1.1449996853268662e-13,NORMAL,54.8584439966362,False,0.2313698165438352,2,False,,target_available,True,False,0.30115691928643185,-0.008981671190985203,valid,640
True,0,,0,-2.658983655171376,S_BEND,75.4324449953856,True,0.154,1,False,,target_available,True,False,0.20547622131398552,0.10134437371760228,480,valid/images/rec_20260912_165725_002392_jpg.rf.14012ffb247fbacc45f32f48efc07512.jpg,17.56593900063308,,,11940,0.5569029850746269,21440,images/f8a558d28eae2dc0.jpg,-12.895968826781878,S_BEND,73.87176599877421,True,0.154,1,False,,target_available,True,False,0.20853080513848654,0.10138489997138161,valid,640
True,0,,0,8.269442171805144e-14,NORMAL,51.08203800045885,False,0.20576779880699192,2,False,,target_available,True,False,0.25297062388698965,0.007327775758439521,480,valid/images/rec_20260912_165725_002520_jpg.rf.f627f26dc63a40f7083a5caeef4f3880.jpg,17.372495000017807,,,24272,0.608534322820037,39886,images/f742c82c2f669706.jpg,5.088887490341627e-14,NORMAL,58.62561200046912,False,0.21693841990035517,2,False,,target_available,True,False,0.2580588344194284,0.005499201337848529,valid,640
True,0,,0,-31.447576300660938,NORMAL,56.0248810070334,False,0.21252913197497209,2,False,,target_available,True,False,0.2840768901752606,0.012733472107740174,480,valid/images/rec_20260912_165725_002656_jpg.rf.3aa8898527e3175453c5e291e8ee08b0.jpg,17.422044998966157,,,20129,0.7452149124430787,27011,images/0a25433a5c5f22ad.jpg,-4.929859756268451e-14,NORMAL,57.199497998226434,False,0.21273905484125863,2,False,,target_available,True,False,0.2424134846726798,0.019221537940534605,valid,640
True,0,,0,-15.691627952885595,NORMAL,55.34167400037404,False,0.21067900830059272,2,False,,target_available,True,False,0.26682352032172507,0.016038951094816796,480,valid/images/rec_20260912_165725_002672_jpg.rf.e502fbc3b8c31cca34f9fdc9169ae915.jpg,20.32122500531841,,,18122,0.7710505041909543,23503,images/eba99a8c3d7d3cc5.jpg,-3.339582415536693e-14,NORMAL,55.925146996742114,False,0.2159097614127191,2,False,,target_available,True,False,0.24759271173294412,0.020217403904137426,valid,640
True,0,,0,-27.140454710664535,NORMAL,56.19352200301364,False,0.2179940713676285,2,False,,target_available,True,False,0.2609256603623384,0.003927581016752037,480,valid/images/rec_20260912_165725_002696_jpg.rf.b770c69f043fba035dc6d372a0da7e5e.jpg,18.954361003125086,,,12857,0.6613342935034207,19441,images/dc39acda7e167b2a.jpg,4.134721085902572e-14,NORMAL,55.42175000300631,False,0.21565350418815227,2,False,,target_available,True,False,0.2324695449721278,0.010981115892184597,valid,640
True,0,,0,-28.952230877075465,NORMAL,54.195881995838135,True,0.154,1,False,,target_available,True,False,0.21931347982586483,0.017366564619117324,480,valid/images/rec_20260912_165725_002720_jpg.rf.04b7de48dc39d801a1469f21b307e82a.jpg,17.412705994502176,,,7472,0.5799441167339335,12884,images/aca48e15e2134aa4.jpg,-13.585076267678478,NORMAL,51.32613200112246,True,0.154,1,False,,target_available,True,False,0.2191839468326395,0.01893138798045858,valid,640
True,0,,0,-26.918042262763052,NORMAL,54.241554003965575,True,0.154,1,False,,target_available,True,False,0.21999900548551293,0.0006615023698033375,480,valid/images/rec_20260912_165725_002760_jpg.rf.1992e3b583a008f1d505c8e460fd8101.jpg,15.460201000678353,,,8368,0.5822837659174727,14371,images/e7918ddabeca52ec.jpg,-9.580231674677838,NORMAL,60.020414006430656,True,0.154,1,False,,target_available,True,False,0.21996303061216307,0.004033009287443945,valid,640
True,74863,0.8881809984813971,84288,2.2661452105427557e-14,NORMAL,64.73433599603595,False,0.18620666406427291,2,False,,target_available,True,False,0.2198584542603039,-0.00789050633799017,480,valid/images/rec_20260912_171214_000750_jpg.rf.ab43f908771b8d7f8fc5627eefa437ed.jpg,16.524277001735754,,,25836,0.7102485155047283,36376,images/3888b8d121701ab9.jpg,-2.5842006786891074e-14,NORMAL,57.163973004207946,False,0.18750867593827109,2,False,,target_available,True,False,0.2198093241134449,-0.009157566968935254,valid,640
True,0,,0,19.877025091897927,NORMAL,64.29413799924077,False,0.21574071010233647,2,False,,target_available,True,False,0.2261696971330862,-0.008044000013060063,480,test/images/rec_20260912_165456_000208_jpg.rf.7f93c6fa7cb873bcb66bbffa99876052.jpg,16.275410998787265,,,10860,0.8145814581458146,13332,images/56745cc10149d95e.jpg,-4.770832022195275e-14,NORMAL,57.54196100315312,False,0.22253619702340627,2,False,,target_available,True,False,0.23091338141294454,-0.006225331144270298,test,640
True,0,,0,14.816837484535125,NORMAL,57.4832099955529,True,0.154,1,False,,target_available,True,False,0.23627912310084426,-0.04380392308853784,480,test/images/rec_20260912_165456_000232_jpg.rf.fd96e17c3efa5dfe85424c6b2a17a9ab.jpg,15.887715999269858,,,8234,0.7259742549814847,11342,images/e51e4dd29ccdbae7.jpg,13.605557429119727,NORMAL,57.83240399614442,True,0.154,1,False,,target_available,True,False,0.2382120358891059,-0.042501855634152985,test,640
True,0,,0,11.236761357706056,NORMAL,57.59934399975464,True,0.154,1,False,,target_available,True,False,0.23891658281068467,-0.04129732173846899,480,test/images/rec_20260912_165456_000240_jpg.rf.773ec8a3822668b09d3d01690aab2e1d.jpg,16.234301001532003,,,9901,0.8888589640003591,11139,images/93f47c1ac6208c76.jpg,15.222295124760008,NORMAL,57.67939299403224,True,0.154,1,False,,target_available,True,False,0.23934574061860814,-0.04200175208939988,test,640
True,0,,0,23.122002986795966,S_BEND,83.80655699875206,True,0.154,1,False,,target_available,True,False,0.18948189031452425,-0.13051114723267956,480,test/images/rec_20260912_165456_000288_jpg.rf.471a6f39252bf4c75f8394ee92a7f860.jpg,15.823065004951786,,,11244,0.7287575345129302,15429,images/594e8a070d9ee6e7.jpg,35.32163652886681,NORMAL,77.55681299749995,True,0.154,1,False,,target_available,True,False,0.190879102239559,-0.13264190072743434,test,640
True,0,,0,1.5651064366523766,NORMAL,84.60701799776871,True,0.154,1,False,,target_available,True,False,0.19518714697944087,0.10149865838535083,480,test/images/rec_20260912_165456_000440_jpg.rf.6b674132aeecd74c29cfbda5c99a2909.jpg,30.955969996284693,,,16061,0.7349899322716457,21852,images/ca3079fd37521b36.jpg,3.024034287769361,NORMAL,77.96292599959997,True,0.154,1,False,,target_available,True,False,0.19732263295879887,0.09728195373350161,test,640
True,12281,0.6837592561661378,17961,-4.929859756268451e-14,NORMAL,61.68367100326577,False,0.1976276437370784,2,False,,target_available,True,False,0.2668131612549836,0.033610583478806015,480,test/images/rec_20260912_165456_000608_jpg.rf.b2d51f20ee4c910b017434ffe041fbf8.jpg,18.261855002492666,,,14044,0.5509611612397018,25490,images/f46f54f66e0af5e6.jpg,-4.770832022195275e-14,NORMAL,47.50635199889075,False,0.19343232240885463,2,False,,target_available,True,False,0.24618751527402488,0.0277089156148018,test,640
True,0,,0,3.180554681463517e-14,NORMAL,58.8399250045768,False,0.1780886080255061,2,False,,target_available,True,False,0.22304566510620083,-0.017820962358635735,480,test/images/rec_20260912_165456_000816_jpg.rf.72d62416fdf5e1abfae14d1e405f8878.jpg,17.869249000796117,,,15507,0.8280557483846852,18727,images/1c35e5d373d88078.jpg,-2.782985346280577e-14,NORMAL,58.844532002694905,False,0.1817536597680496,2,False,,target_available,True,False,0.22706881631875048,-0.018937377529979385,test,640
True,0,,0,-1.7095481412866404e-14,NORMAL,63.615921993914526,False,0.16000755097035893,2,False,,target_available,True,False,0.21977077288263389,-0.010040288171648863,480,test/images/rec_20260912_165456_001504_jpg.rf.b68417dc4db77a22c63df35bac819863.jpg,17.93127800192451,,,27065,0.793485590313407,34109,images/ffbbc9e03d36f3d2.jpg,-1.714517757976427e-14,NORMAL,59.59802299912553,False,0.16231355807052308,2,False,,target_available,True,False,0.2197822431565368,-0.009785989632169019,test,640
True,0,,0,-1.674760824458133e-14,NORMAL,62.6811580004869,False,0.16181364503040116,2,False,,target_available,True,False,0.21985617556702067,-0.007953745346902538,480,test/images/rec_20260912_165456_001528_jpg.rf.00cead9bbb11a9e336f3006a2bc751e5.jpg,18.74962999863783,,,28622,0.865785413956865,33059,images/1b8872aaa7cfb638.jpg,1.749305074804934e-14,NORMAL,60.05878200085135,False,0.1623641464271705,2,False,,target_available,True,False,0.21985947961355534,-0.00786188425612082,test,640
True,0,,0,-3.260068548500105e-14,NORMAL,62.43990499933716,False,0.1608450878594181,2,False,,target_available,True,False,0.2198583047597514,0.007894670871433924,480,test/images/rec_20260912_165456_001592_jpg.rf.013896fb3f908412bb742ab6e99709f0.jpg,17.833644000347704,,,25642,0.7644060217618125,33545,images/baf54779098c8de1.jpg,-2.782985346280577e-14,NORMAL,59.616660997562576,False,0.16240576367282514,2,False,,target_available,True,False,0.21984953946759223,0.008135108843009735,test,640
True,0,,0,6.52013709700021e-14,NORMAL,60.947990998101886,False,0.1593350959031339,2,False,,target_available,True,False,0.21830262288993224,0.027275718860848217,480,test/images/rec_20260912_165456_001616_jpg.rf.88b69524e35223c1fb6e37d899ff65eb.jpg,18.01465999596985,,,29481,0.8033626726980407,36697,images/f1455ff05f4373c7.jpg,-6.361109362927034e-14,NORMAL,58.50905099941883,False,0.15669999675785104,2,False,,target_available,True,False,0.21843030783545853,0.02623357808052163,test,640
True,0,,0,-4.496761478191843,NORMAL,63.35684700025013,False,0.1598879301853053,2,False,,target_available,True,False,0.21998908041266516,0.002191916784444572,480,test/images/rec_20260912_165456_001704_jpg.rf.4dbb1ac157bfb2bd12c7086397ee8914.jpg,18.288430001121014,,,32124,0.8275329091424303,38819,images/624d4d6aebc38a88.jpg,1.69463929121728e-14,NORMAL,62.55072600470157,False,0.15922218843125804,2,False,,target_available,True,False,0.2199852386918366,0.00254848144895914,test,640
True,0,,0,-3.293613461156165e-14,NORMAL,63.32136999844806,False,0.1595595371043582,2,False,,target_available,True,False,0.21997592576513061,0.0032545481673732384,480,test/images/rec_20260912_165456_001744_jpg.rf.c4ffac7e6245739af74180dd9ffe1603.jpg,18.87394199729897,,,29928,0.8195186067526493,36519,images/a552672f9d6fb135.jpg,-1.7045785245968536e-14,NORMAL,62.64420200022869,False,0.16175035706593757,2,False,,target_available,True,False,0.2199737371767441,0.0033992576390613925,test,640
True,0,,0,1.848697408600669e-14,NORMAL,62.2673140023835,False,0.16495337147482647,2,False,,target_available,True,False,0.21994019981669988,0.005129181668661111,480,test/images/rec_20260912_165456_001760_jpg.rf.0b4b3e7a50e1ebfb22d024fe70caf4c2.jpg,18.589748004160356,,,30009,0.8359751511268351,35897,images/46aeba78f7738504.jpg,-5.856471502769482,NORMAL,71.12993599730544,False,0.16338160547125619,2,False,,target_available,True,False,0.21995247976248078,0.004572378629934253,test,640
True,0,,0,-17.34425687925317,NORMAL,61.44960899837315,False,0.16073957106237968,2,False,,target_available,True,False,0.21978355965522592,0.009756377671951321,480,test/images/rec_20260912_165456_001824_jpg.rf.804a0649b86e0ba57f780fcfc577cd8e.jpg,24.358202004805207,,,29215,0.8554403841649099,34152,images/888572420c7b1089.jpg,-19.709773816736742,NORMAL,69.67209900176385,False,0.16792226263396823,2,False,,target_available,True,False,0.21988494429213706,0.0071141600799949295,test,640
True,0,,0,-30.57242054130705,NORMAL,85.43593600188615,True,0.154,1,False,,target_available,True,False,0.19239222515225257,-0.10670160121087661,480,test/images/rec_20260912_165456_001992_jpg.rf.0d5bb3dbdf890f0802c520a46735a243.jpg,16.39938099833671,,,24727,0.8647013568331235,28596,images/96250452aa7f1f1e.jpg,-38.56651512273822,NORMAL,79.19893699727254,True,0.154,1,False,,target_available,True,False,0.19326633649244593,-0.10511005270091277,test,640
True,0,,0,-27.883289598711436,NORMAL,75.57738800096558,True,0.154,1,False,,target_available,True,False,0.15291094958616194,-0.12693695088784002,480,test/images/rec_20260912_165456_002048_jpg.rf.801c655bbd8d1e3e671dffb2ac472953.jpg,16.676332998031285,,,26591,0.8574422804075842,31012,images/dfb9663b88d45af7.jpg,-29.68130043403228,NORMAL,76.35437799763167,True,0.154,1,False,,target_available,True,False,0.15770202687105872,-0.12859686958116645,test,640
True,0,,0,-32.774572150139136,NORMAL,45.75700400164351,False,0.16738371568850363,2,False,,target_available,True,False,0.20808758205237896,-0.005959582746640706,480,test/images/rec_20260912_165456_002328_jpg.rf.6c15ecad59d6a89c1e806efa2fb922f8.jpg,16.098353997222148,,,22460,0.7091213336280112,31673,images/6ee67259178c74a0.jpg,-24.937445351277532,NORMAL,68.16300199716352,False,0.16125780875252327,2,False,,target_available,True,False,0.21979518321162256,-0.009490913389620234,test,640
True,0,,0,,NO_OBSERVATION,40.82354300044244,,,2,False,,"no common observed lane interval: x_overlap=0.0192m, minimum=0.0200m; normal fallback: inconsistent normal lane pair",False,False,,,480,test/images/rec_20260912_165456_002440_jpg.rf.ae319331cbecfffa820f98a0f2958ef5.jpg,16.56924500275636,,,25199,0.704492717157315,35769,images/92315f9aeb518f6c.jpg,-23.57425678703914,NORMAL,59.21005400159629,False,0.17418444359251808,2,False,,target_available,True,False,0.21203870183510276,-0.00201746822327889,test,640
True,0,,0,,NO_OBSERVATION,57.94834800326498,,,2,False,,"no common observed lane interval: x_overlap=-0.1548m, minimum=0.0200m; normal fallback: no common observed lane interval: normal_pairs=0, minimum=3, runs=0",False,False,,,480,test/images/rec_20260912_165456_002544_jpg.rf.0fd1013d3149d36ecce9a3d9f7eee4f0.jpg,17.297917998803314,,,24549,0.7248435100980276,33868,images/d9cfaa7995f3aa45.jpg,-33.548791886099814,NORMAL,78.45265800278867,True,0.154,1,False,,target_available,True,False,0.19541819694694398,-0.1010530964493687,test,640
True,0,,0,34.58395743137242,NORMAL,68.86831099836854,False,0.15917103390188614,2,False,,target_available,True,False,0.21997715225465198,-0.003170565554228556,480,test/images/rec_20260912_165456_004344_jpg.rf.6230a63645ca64ed71a73b2039bb87c3.jpg,19.743999000638723,,,26177,0.819183226412142,31955,images/ba8314eec79e7053.jpg,29.89016414768036,NORMAL,66.84838799992576,False,0.15978005625320132,2,False,,target_available,True,False,0.21998016129998377,-0.002954426244318946,test,640
True,0,,0,18.241381489948147,S_BEND,81.41456999874208,True,0.154,1,False,,target_available,True,False,0.19713529073313937,0.09766103187843454,480,test/images/rec_20260912_165456_004512_jpg.rf.a07e3d3d48b24443e4426d1ca54c77b8.jpg,18.108832999132574,,,28065,0.916827284309562,30611,images/615202e1d2694f17.jpg,,NO_OBSERVATION,29.222147997643333,,,1,False,,initial boundary overlaps robot reference,False,False,,,test,640
True,0,,0,20.20932378694707,NORMAL,64.63088899909053,True,0.154,1,False,,target_available,True,False,0.20692448673304772,0.07471450187389833,480,test/images/rec_20260912_165456_004576_jpg.rf.64d5c09bce4926e27c252c1ae2a99d91.jpg,17.644990999542642,,,27239,0.9241077486768897,29476,images/be69c3a63d88424e.jpg,24.797090612046837,S_BEND,87.28270400024485,True,0.154,1,False,,target_available,True,False,0.20558127744160057,0.07833478387970218,test,640
True,0,,0,19.557731305704902,NORMAL,55.05977799475659,True,0.154,1,False,,target_available,True,False,0.21481889688214703,0.04746410793786688,480,test/images/rec_20260912_165456_004744_jpg.rf.ab559e68c03bfce787c4b002cf5b67cd.jpg,17.887959998915903,,,20008,0.9334266386750641,21435,images/ac14732a9ed01e69.jpg,17.877151676425612,NORMAL,60.39530099951662,True,0.154,1,False,,target_available,True,False,0.21460281326843544,0.04843173068632803,test,640
True,0,,0,-14.05301039762136,NORMAL,77.85921699542087,True,0.154,1,False,,target_available,True,False,0.2028974561719481,0.08504482511565531,480,test/images/rec_20260912_165725_001800_jpg.rf.8edc9e1011542ab0d89976cbffb399b4.jpg,19.87314200232504,,,16565,0.8691431869457998,19059,images/0f00dc653a2f4b67.jpg,5.170703864243323,NORMAL,78.06949999940116,True,0.154,1,False,,target_available,True,False,0.20311769114820702,0.08451747477664949,test,640
True,0,,0,-11.635833315801898,S_BEND,84.16652899904875,True,0.154,1,False,,target_available,True,False,0.21685519895436667,0.03706511414338342,480,test/images/rec_20260912_165725_001840_jpg.rf.3b21a6fb696e9a8ea40eefa79343c8ee.jpg,19.227064003644045,,,14918,0.8373842267751894,17815,images/70078f1a02ddd424.jpg,10.408717561671693,S_BEND,78.17431199509883,True,0.154,1,False,,target_available,True,False,0.216000550257749,0.04175837985781589,test,640
True,8464,0.929599121361889,9105,0.9291710531358898,S_BEND,76.3685819983948,True,0.154,1,False,,target_available,True,False,0.21999879318710477,0.000728694872703611,480,test/images/rec_20260912_165725_001880_jpg.rf.7ca9885a01942122783581a973c3316a.jpg,18.301098003576044,,,13077,0.7927376333656644,16496,images/ff936869ae3cac71.jpg,3.0938876266910422,S_BEND,77.27207300195005,True,0.154,1,False,,target_available,True,False,0.21999999634901016,4.0080363271122015e-05,test,640
True,13450,0.9420746655459831,14277,-5.204027428507241,NORMAL,69.21260000672191,True,0.154,1,False,,target_available,True,False,0.2179584182006876,-0.029901972099749215,480,test/images/rec_20260912_165725_001912_jpg.rf.24cac03274bbb04b2fbc0a730064496e.jpg,19.516722997650504,,,10739,0.651401188887541,16486,images/e54a71d7804b3216.jpg,-1.2722218725854067e-14,NORMAL,63.493646994174924,False,0.1952336752563672,2,False,,target_available,True,False,0.21994611933897817,-0.004868735741850244,test,640
True,24650,0.7601924381669031,32426,8.905553108097847e-14,NORMAL,61.11514000076568,False,0.19059017956821653,2,False,,target_available,True,False,0.21998869099101045,-0.002230658212661628,480,test/images/rec_20260912_165725_001976_jpg.rf.ecc7980cc90f8426706431532634e49d.jpg,18.79401900077937,,,21249,0.7183569979716025,29580,images/453beb0288584dd3.jpg,-8.905553108097847e-14,NORMAL,63.67865300126141,False,0.19432793542365162,2,False,,target_available,True,False,0.2277706904641424,-0.002075661569271421,test,640
True,0,,0,,NO_OBSERVATION,45.81393099942943,,,2,False,,"no common observed lane interval: x_overlap=-0.0504m, minimum=0.0200m; normal fallback: no common observed lane interval: normal_pairs=0, minimum=3, runs=0",False,False,,,480,test/images/rec_20260912_165725_002152_jpg.rf.ec4a5affcc4fb7566e8e43064c7a5881.jpg,19.42349499586271,,,24497,0.5349390749879896,45794,images/1a4ab6fd671d813a.jpg,-5.0888100092176005,NORMAL,59.63521100056823,False,0.19002808609525998,2,False,,target_available,True,False,0.21990695472184602,-0.00639775468144681,test,640
True,0,,0,-14.32871082799616,NORMAL,63.6999390044366,True,0.154,1,False,,target_available,True,False,0.2199075755286118,0.006376380252768524,480,test/images/rec_20260912_165725_002256_jpg.rf.6bf7b8348be7ea989ec6add1f1365ee7.jpg,17.882435997307766,,,18690,0.5713150333190683,32714,images/a812fd71339df1c9.jpg,-13.936516304823735,NORMAL,64.81995699869003,True,0.154,1,False,,target_available,True,False,0.21996602705767346,0.0038661273210885564,test,640
True,0,,0,-10.14494141215028,NORMAL,55.999684998823795,True,0.154,1,False,,target_available,True,False,0.2755355495996181,0.05391593364718379,480,test/images/rec_20260912_165725_002304_jpg.rf.5f4c72b0ff4aabbfc3f56b51bedc506b.jpg,17.79173600516515,,,10122,0.5251634326035073,19274,images/eb742497f3df51c2.jpg,-43.206809006414176,S_BEND,109.76609999488574,True,0.154,1,False,,target_available,True,False,0.2619079970847654,0.1448972979089033,test,640
True,0,,0,-0.6966650209599199,S_BEND,74.46162899577757,True,0.154,1,False,,target_available,True,False,0.21987530977327244,0.007405953828338815,480,test/images/rec_20260912_165725_002456_jpg.rf.fdec49a20434b655ead6a8a624ca2fcb.jpg,18.173545999161433,,,13209,0.5623483332623781,23489,images/fc127757c00e3ccb.jpg,1.2882105658153074,S_BEND,78.31715400243411,True,0.154,1,False,,target_available,True,False,0.21968425803856395,0.011782477245708816,test,640
True,0,,0,-0.1892213724903875,S_BEND,74.07000599778257,True,0.154,1,False,,target_available,True,False,0.21857317795115816,0.025015312916918633,480,test/images/rec_20260912_165725_002472_jpg.rf.b7ae7f987eed133fa9b8d9baf9bff50d.jpg,17.60486300190678,,,12036,0.7926243002963451,15185,images/bc661889582af710.jpg,-3.658667994304366,S_BEND,81.26806499785744,True,0.154,1,False,,target_available,True,False,0.2182790409880871,0.027463799178573042,test,640
True,0,,0,-1.0757337741183726,S_BEND,65.37302699871361,True,0.154,1,False,,target_available,True,False,0.2177955688007542,0.03106590109357739,480,test/images/rec_20260912_165725_002480_jpg.rf.76f49801266c035ee31a1c6ad672e79c.jpg,17.862487999082077,,,11441,0.7114607300541012,16081,images/d71259cbdee90bc3.jpg,-2.0875241464260426,S_BEND,70.95771400054218,True,0.154,1,False,,target_available,True,False,0.21717191840901465,0.03516188070266264,test,640
True,0,,0,-2.3902423596970395,NORMAL,63.989074995333795,True,0.154,1,False,,target_available,True,False,0.21379995978507138,0.06843597016264866,480,test/images/rec_20260912_165725_002512_jpg.rf.142af6a1902c447885927b43da84fd7f.jpg,19.45852499920875,,,8464,0.40534457162013315,20881,images/4342d5415f27f815.jpg,-5.724998426634331e-14,NORMAL,61.83855199924437,False,0.21693827044437566,2,False,,target_available,True,False,0.21847766981981584,0.025836172125598036,test,640
True,0,,0,25.9833868729948,NORMAL,63.43561999528902,True,0.154,1,False,,target_available,True,False,0.21437950316870427,0.04941081481962745,480,test/images/rec_20260912_165725_002536_jpg.rf.16aae0a2a234b16422476893645f4397.jpg,17.67693799774861,,,8204,0.6172133614204033,13292,images/564c101d4943fd5d.jpg,-8.78525255781315,NORMAL,63.422867002373096,True,0.154,1,False,,target_available,True,False,0.2142819862570052,0.049832021489727166,test,640
True,0,,0,-12.620599205099435,NORMAL,59.75520799984224,False,0.20286826027383031,2,False,,target_available,True,False,0.21991596567669075,0.006080134907103726,480,test/images/rec_20260912_165725_002640_jpg.rf.305b716e86b33deb50b0bb5e7d11077c.jpg,16.17267900292063,,,13991,0.6685621445978879,20927,images/335be14e79af438b.jpg,4.770832022195275e-14,NORMAL,57.720586002687924,False,0.20901289888951147,2,False,,target_available,True,False,0.22385365884809857,0.009559210571666296,test,640
True,0,,0,-26.842906725801473,NORMAL,56.53194600017741,False,0.21406610752515057,2,False,,target_available,True,False,0.2794353397032898,0.00864716983127857,480,test/images/rec_20260912_165725_002648_jpg.rf.68d1dd7a09101bb38f81662cbf3228de.jpg,15.625874999386724,,,18654,0.7542150163748838,24733,images/1db65516c7e71b5c.jpg,2.8624992133171654e-14,NORMAL,57.654011994600296,False,0.2136196153420427,2,False,,target_available,True,False,0.2425082724563407,0.015316633098760912,test,640
True,0,,0,-31.45004797386224,NORMAL,56.07832199893892,False,0.19499102062959264,2,False,,target_available,True,False,0.21989440963240456,0.006815321886474907,480,test/images/rec_20260912_165725_002800_jpg.rf.9c329455e5f473c27895e24ae3771609.jpg,16.179755999473855,,,10612,0.6011783367323816,17652,images/516b2eadf6838734.jpg,2.743228412762283e-14,NORMAL,52.73196300549898,False,0.21490369488914143,2,False,,target_available,True,False,0.23695528228242965,0.012243347995585269,test,640
True,0,,0,1.6697912077683464e-14,NORMAL,51.68783300177893,False,0.19944792003583928,2,False,,target_available,True,False,0.219819246745045,0.008916207738776568,480,test/images/rec_20260912_165725_002816_jpg.rf.163efd34f278135d1c34e3d2b8968435.jpg,16.585587996814866,,,8117,0.6813565013010996,11913,images/185a29bca0c8e09b.jpg,-1.6101558074909054e-14,NORMAL,49.90981300215935,False,0.21274484641306407,2,False,,target_available,True,False,0.23220413478010946,0.009481763712585606,test,640
